"x","year","month","country"
Inf,2018,1,"Poland"
Inf,2018,1,"Poland"
Inf,2018,1,"Poland"
Inf,2018,1,"Poland"
Inf,2018,1,"Poland"
Inf,2018,1,"Poland"
Inf,2018,1,"Poland"
Inf,2018,1,"Poland"
Inf,2018,1,"Poland"
Inf,2018,1,"Poland"
Inf,2018,1,"Poland"
Inf,2018,1,"Poland"
Inf,2018,1,"Poland"
Inf,2018,1,"Poland"
Inf,2018,1,"Poland"
Inf,2018,1,"Poland"
Inf,2018,1,"Poland"
Inf,2018,1,"Poland"
Inf,2018,2,"Poland"
Inf,2018,2,"Poland"
Inf,2018,2,"Poland"
Inf,2018,2,"Poland"
Inf,2018,2,"Poland"
Inf,2018,2,"Poland"
Inf,2018,2,"Poland"
Inf,2018,2,"Poland"
Inf,2018,2,"Poland"
Inf,2018,2,"Poland"
Inf,2018,2,"Poland"
Inf,2018,2,"Poland"
Inf,2018,2,"Poland"
Inf,2018,2,"Poland"
Inf,2018,2,"Poland"
Inf,2018,2,"Poland"
Inf,2018,3,"Poland"
Inf,2018,3,"Poland"
Inf,2018,3,"Poland"
Inf,2018,3,"Poland"
Inf,2018,3,"Poland"
Inf,2018,3,"Poland"
Inf,2018,3,"Poland"
Inf,2018,3,"Poland"
Inf,2018,3,"Poland"
Inf,2018,3,"Poland"
Inf,2018,4,"Poland"
Inf,2018,4,"Poland"
Inf,2018,4,"Poland"
Inf,2018,4,"Poland"
Inf,2018,4,"Poland"
Inf,2018,4,"Poland"
Inf,2018,4,"Poland"
Inf,2018,4,"Poland"
Inf,2018,4,"Poland"
Inf,2018,4,"Poland"
Inf,2018,4,"Poland"
Inf,2018,4,"Poland"
Inf,2018,4,"Poland"
Inf,2018,4,"Poland"
Inf,2018,5,"Poland"
Inf,2018,5,"Poland"
Inf,2018,5,"Poland"
Inf,2018,5,"Poland"
Inf,2018,5,"Poland"
Inf,2018,5,"Poland"
Inf,2018,5,"Poland"
Inf,2018,5,"Poland"
Inf,2018,5,"Poland"
Inf,2018,5,"Poland"
Inf,2018,5,"Poland"
Inf,2018,5,"Poland"
Inf,2018,5,"Poland"
Inf,2018,5,"Poland"
Inf,2018,5,"Poland"
Inf,2018,5,"Poland"
Inf,2018,5,"Poland"
Inf,2018,5,"Poland"
Inf,2018,6,"Poland"
Inf,2018,6,"Poland"
Inf,2018,6,"Poland"
Inf,2018,6,"Poland"
Inf,2018,6,"Poland"
Inf,2018,6,"Poland"
Inf,2018,6,"Poland"
Inf,2018,6,"Poland"
Inf,2018,6,"Poland"
Inf,2018,6,"Poland"
Inf,2018,6,"Poland"
Inf,2018,6,"Poland"
Inf,2018,6,"Poland"
Inf,2018,6,"Poland"
Inf,2018,6,"Poland"
Inf,2018,6,"Poland"
Inf,2018,6,"Poland"
Inf,2018,6,"Poland"
Inf,2018,7,"Poland"
Inf,2018,7,"Poland"
Inf,2018,7,"Poland"
Inf,2018,7,"Poland"
Inf,2018,7,"Poland"
Inf,2018,7,"Poland"
Inf,2018,7,"Poland"
Inf,2018,7,"Poland"
Inf,2018,7,"Poland"
Inf,2018,7,"Poland"
Inf,2018,7,"Poland"
Inf,2018,7,"Poland"
Inf,2018,7,"Poland"
Inf,2018,7,"Poland"
Inf,2018,8,"Poland"
Inf,2018,8,"Poland"
Inf,2018,8,"Poland"
Inf,2018,8,"Poland"
Inf,2018,8,"Poland"
Inf,2018,8,"Poland"
Inf,2018,8,"Poland"
Inf,2018,8,"Poland"
Inf,2018,8,"Poland"
Inf,2018,8,"Poland"
Inf,2018,8,"Poland"
Inf,2018,8,"Poland"
Inf,2018,8,"Poland"
Inf,2018,8,"Poland"
Inf,2018,8,"Poland"
Inf,2018,8,"Poland"
Inf,2018,8,"Poland"
Inf,2018,8,"Poland"
Inf,2018,9,"Poland"
Inf,2018,9,"Poland"
Inf,2018,9,"Poland"
Inf,2018,9,"Poland"
Inf,2018,9,"Poland"
Inf,2018,9,"Poland"
Inf,2018,9,"Poland"
Inf,2018,9,"Poland"
Inf,2018,9,"Poland"
Inf,2018,9,"Poland"
Inf,2018,9,"Poland"
Inf,2018,9,"Poland"
Inf,2018,9,"Poland"
Inf,2018,9,"Poland"
Inf,2018,9,"Poland"
Inf,2018,9,"Poland"
Inf,2018,9,"Poland"
Inf,2018,9,"Poland"
Inf,2018,10,"Poland"
Inf,2018,10,"Poland"
Inf,2018,10,"Poland"
Inf,2018,10,"Poland"
Inf,2018,10,"Poland"
Inf,2018,10,"Poland"
Inf,2018,10,"Poland"
Inf,2018,10,"Poland"
Inf,2018,10,"Poland"
Inf,2018,10,"Poland"
Inf,2018,10,"Poland"
Inf,2018,10,"Poland"
Inf,2018,10,"Poland"
Inf,2018,10,"Poland"
Inf,2018,10,"Poland"
Inf,2018,10,"Poland"
Inf,2018,10,"Poland"
Inf,2018,10,"Poland"
Inf,2018,11,"Poland"
Inf,2018,11,"Poland"
Inf,2018,11,"Poland"
Inf,2018,11,"Poland"
Inf,2018,11,"Poland"
Inf,2018,11,"Poland"
Inf,2018,11,"Poland"
Inf,2018,11,"Poland"
Inf,2018,11,"Poland"
Inf,2018,11,"Poland"
Inf,2018,11,"Poland"
Inf,2018,11,"Poland"
Inf,2018,11,"Poland"
Inf,2018,11,"Poland"
Inf,2018,11,"Poland"
Inf,2018,11,"Poland"
Inf,2018,11,"Poland"
Inf,2018,11,"Poland"
Inf,2018,12,"Poland"
Inf,2018,12,"Poland"
Inf,2018,12,"Poland"
Inf,2018,12,"Poland"
Inf,2018,12,"Poland"
Inf,2018,12,"Poland"
Inf,2006,6,"Germany"
Inf,2006,6,"Germany"
Inf,2005,4,"Poland"
Inf,2005,6,"Poland"
Inf,2004,5,"Poland"
Inf,2004,6,"Poland"
Inf,2002,6,"Germany"
1699159.17367712,1986,NA,"France"
347919.829290848,1983,2,"Denmark"
387775.815375184,1983,2,"Denmark"
347919.829290848,1983,3,"Denmark"
347919.829290848,1983,3,"Denmark"
347919.829290848,1983,5,"Denmark"
347919.829290848,1983,5,"Denmark"
347919.829290848,1983,5,"Denmark"
347919.829290848,1983,7,"Denmark"
347919.829290848,1983,7,"Denmark"
347919.829290848,1983,7,"Denmark"
347919.829290848,1983,8,"Denmark"
347919.829290848,1983,8,"Denmark"
347919.829290848,1982,3,"Denmark"
347919.829290848,1982,3,"Denmark"
347919.829290848,1982,3,"Denmark"
387775.815375184,1982,3,"Denmark"
387775.815375184,1982,3,"Denmark"
387775.815375184,1982,3,"Denmark"
347919.829290848,1982,6,"Denmark"
347919.829290848,1982,6,"Denmark"
347919.829290848,1982,6,"Denmark"
387775.815375184,1982,6,"Denmark"
387775.815375184,1982,6,"Denmark"
392208.623866744,1981,3,"Denmark"
392208.623866744,1981,3,"Denmark"
392208.623866744,1981,3,"Denmark"
347919.829290848,1981,7,"Denmark"
347919.829290848,1981,7,"Denmark"
347919.829290848,1981,7,"Denmark"
392208.623866744,1981,7,"Denmark"
392208.623866744,1981,7,"Denmark"
392208.623866744,1981,7,"Denmark"
1290306.96628101,1971,6,"United Kingdom of Great Britain and Northern Ireland"
Inf,1971,6,"United Kingdom of Great Britain and Northern Ireland"
337630.140322664,NA,NA,"Denmark"
1071130.2210892,2023,2,"United Kingdom of Great Britain and Northern Ireland"
1015392.31674847,2023,2,"United Kingdom of Great Britain and Northern Ireland"
1058585.34625297,2023,2,"United Kingdom of Great Britain and Northern Ireland"
1190903.13883664,2023,3,"United Kingdom of Great Britain and Northern Ireland"
Inf,2023,3,"United Kingdom of Great Britain and Northern Ireland"
Inf,2023,3,"United Kingdom of Great Britain and Northern Ireland"
1191952.46563776,2023,3,"United Kingdom of Great Britain and Northern Ireland"
1190899.46269403,2023,3,"United Kingdom of Great Britain and Northern Ireland"
Inf,2023,3,"United Kingdom of Great Britain and Northern Ireland"
Inf,2023,3,"United Kingdom of Great Britain and Northern Ireland"
1191949.59524614,2023,3,"United Kingdom of Great Britain and Northern Ireland"
1250630.04742958,2023,3,"United Kingdom of Great Britain and Northern Ireland"
1058611.8009862,2023,3,"United Kingdom of Great Britain and Northern Ireland"
1035201.04964457,2023,3,"United Kingdom of Great Britain and Northern Ireland"
1250564.32711947,2023,4,"United Kingdom of Great Britain and Northern Ireland"
1058609.38170481,2023,4,"United Kingdom of Great Britain and Northern Ireland"
1035175.23369202,2023,4,"United Kingdom of Great Britain and Northern Ireland"
1250522.8047072,2023,5,"United Kingdom of Great Britain and Northern Ireland"
1191950.25412443,2023,5,"United Kingdom of Great Britain and Northern Ireland"
Inf,2023,5,"United Kingdom of Great Britain and Northern Ireland"
Inf,2023,5,"United Kingdom of Great Britain and Northern Ireland"
1015390.09960468,2023,5,"United Kingdom of Great Britain and Northern Ireland"
1056823.37363211,2023,5,"United Kingdom of Great Britain and Northern Ireland"
1058568.72301787,2023,5,"United Kingdom of Great Britain and Northern Ireland"
Inf,2023,6,"United Kingdom of Great Britain and Northern Ireland"
1015379.98399581,2023,6,"United Kingdom of Great Britain and Northern Ireland"
Inf,2023,7,"Germany"
376880.955975885,2022,1,"Sweden"
376880.955975885,2022,1,"Sweden"
376880.955975885,2022,2,"Sweden"
376880.955975885,2022,2,"Sweden"
376880.955975885,2022,3,"Sweden"
376880.955975885,2022,3,"Sweden"
376880.955975885,2022,3,"Sweden"
376880.955975885,2022,3,"Sweden"
376880.955975885,2022,3,"Sweden"
376880.955975885,2022,3,"Sweden"
376880.955975885,2022,3,"Sweden"
376880.955975885,2022,4,"Sweden"
376880.955975885,2022,4,"Sweden"
376880.955975885,2022,4,"Sweden"
376880.955975885,2022,4,"Sweden"
376880.955975885,2022,4,"Sweden"
376880.955975885,2022,4,"Sweden"
376880.955975885,2022,4,"Sweden"
376880.955975885,2022,4,"Sweden"
Inf,2022,4,"Sweden"
Inf,2022,4,"Sweden"
376880.955975885,2022,5,"Sweden"
376880.955975885,2022,5,"Sweden"
376880.955975885,2022,5,"Sweden"
376880.955975885,2022,5,"Sweden"
696443.754728911,2022,5,"Sweden"
696443.754728911,2022,5,"Sweden"
698006.752029815,2022,5,"Sweden"
698006.752029815,2022,5,"Sweden"
Inf,2022,5,"Sweden"
Inf,2022,5,"Sweden"
Inf,2022,6,"Sweden"
376880.955975885,2022,6,"Sweden"
376880.955975885,2022,6,"Sweden"
376880.955975885,2022,6,"Sweden"
376880.955975885,2022,6,"Sweden"
696449.842493552,2022,6,"Sweden"
696449.842493552,2022,6,"Sweden"
696443.754728911,2022,6,"Sweden"
696443.754728911,2022,6,"Sweden"
698021.578262041,2022,6,"Sweden"
698021.578262041,2022,6,"Sweden"
Inf,2022,6,"Sweden"
Inf,2022,6,"Sweden"
376880.955975885,2022,7,"Sweden"
376880.955975885,2022,7,"Sweden"
376880.955975885,2022,7,"Sweden"
376880.955975885,2022,7,"Sweden"
698012.457206764,2022,7,"Sweden"
698012.457206764,2022,7,"Sweden"
Inf,2022,7,"Sweden"
Inf,2022,7,"Sweden"
376880.955975885,2022,8,"Sweden"
376880.955975885,2022,8,"Sweden"
376880.955975885,2022,8,"Sweden"
376880.955975885,2022,8,"Sweden"
696473.477955871,2022,8,"Sweden"
696473.477955871,2022,8,"Sweden"
Inf,2022,8,"Sweden"
Inf,2022,8,"Sweden"
1191015.865585,2022,9,"United Kingdom of Great Britain and Northern Ireland"
376880.955975885,2022,9,"Sweden"
376880.955975885,2022,9,"Sweden"
376880.955975885,2022,9,"Sweden"
696411.438508366,2022,9,"Sweden"
696411.438508366,2022,9,"Sweden"
698026.24181502,2022,9,"Sweden"
698026.24181502,2022,9,"Sweden"
Inf,2022,9,"Sweden"
Inf,2022,9,"Sweden"
1015397.34484006,2022,10,"United Kingdom of Great Britain and Northern Ireland"
376880.955975885,2022,10,"Sweden"
376880.955975885,2022,10,"Sweden"
376880.955975885,2022,10,"Sweden"
376880.955975885,2022,10,"Sweden"
696456.097788953,2022,10,"Sweden"
696456.097788953,2022,10,"Sweden"
698008.414553102,2022,10,"Sweden"
698008.414553102,2022,10,"Sweden"
Inf,2022,11,"Sweden"
Inf,2022,11,"Sweden"
69785.7689721693,2022,11,"Sweden"
69785.7689721693,2022,11,"Sweden"
69785.7689721693,2022,11,"Sweden"
69785.7689721693,2022,11,"Sweden"
69785.7689721693,2022,11,"Sweden"
69785.7689721693,2022,11,"Sweden"
69785.7689721693,2022,11,"Sweden"
376880.955975885,2022,11,"Sweden"
376880.955975885,2022,12,"Sweden"
376880.955975885,2022,12,"Sweden"
376880.955975885,2021,1,"Sweden"
376880.955975885,2021,3,"Sweden"
376880.955975885,2021,3,"Sweden"
376880.955975885,2021,3,"Sweden"
376880.955975885,2021,4,"Sweden"
376880.955975885,2021,4,"Sweden"
376880.955975885,2021,4,"Sweden"
376880.955975885,2021,4,"Sweden"
376880.955975885,2021,4,"Sweden"
376880.955975885,2021,4,"Sweden"
Inf,2021,4,"Sweden"
Inf,2021,4,"Sweden"
376880.955975885,2021,5,"Sweden"
376880.955975885,2021,5,"Sweden"
376880.955975885,2021,5,"Sweden"
Inf,2021,5,"Sweden"
Inf,2021,5,"Sweden"
696417.526509318,2021,5,"Sweden"
696417.526509318,2021,5,"Sweden"
376880.955975885,2021,6,"Sweden"
376880.955975885,2021,6,"Sweden"
376880.955975885,2021,6,"Sweden"
376880.955975885,2021,6,"Sweden"
698014.475759333,2021,6,"Sweden"
698014.475759333,2021,6,"Sweden"
696429.344577668,2021,6,"Sweden"
696429.344577668,2021,6,"Sweden"
Inf,2021,6,"Sweden"
Inf,2021,6,"Sweden"
376880.955975885,2021,7,"Sweden"
376880.955975885,2021,7,"Sweden"
376880.955975885,2021,7,"Sweden"
376880.955975885,2021,7,"Sweden"
Inf,2021,7,"Sweden"
Inf,2021,7,"Sweden"
376880.955975885,2021,8,"Sweden"
376880.955975885,2021,8,"Sweden"
376880.955975885,2021,8,"Sweden"
376880.955975885,2021,8,"Sweden"
376880.955975885,2021,8,"Sweden"
697985.87017776,2021,8,"Sweden"
697985.87017776,2021,8,"Sweden"
Inf,2021,8,"Sweden"
Inf,2021,8,"Sweden"
696443.754728911,2021,8,"Sweden"
696443.754728911,2021,8,"Sweden"
376880.955975885,2021,9,"Sweden"
376880.955975885,2021,9,"Sweden"
376880.955975885,2021,9,"Sweden"
376880.955975885,2021,9,"Sweden"
697981.466077149,2021,9,"Sweden"
697981.466077149,2021,9,"Sweden"
Inf,2021,9,"Sweden"
Inf,2021,9,"Sweden"
696443.754728911,2021,9,"Sweden"
696443.754728911,2021,9,"Sweden"
376880.955975885,2021,10,"Sweden"
376880.955975885,2021,10,"Sweden"
376880.955975885,2021,10,"Sweden"
376880.955975885,2021,10,"Sweden"
698008.414553102,2021,10,"Sweden"
698008.414553102,2021,10,"Sweden"
696443.754728911,2021,10,"Sweden"
696443.754728911,2021,10,"Sweden"
376880.955975885,2021,11,"Sweden"
376880.955975885,2021,11,"Sweden"
376880.955975885,2021,12,"Sweden"
376880.955975885,2021,12,"Sweden"
376880.955975885,2020,1,"Sweden"
376880.955975885,2020,1,"Sweden"
376880.955975885,2020,1,"Sweden"
376880.955975885,2020,1,"Sweden"
376880.955975885,2020,1,"Sweden"
376880.955975885,2020,1,"Sweden"
376880.955975885,2020,1,"Sweden"
376880.955975885,2020,1,"Sweden"
376880.955975885,2020,1,"Sweden"
376880.955975885,2020,1,"Sweden"
376880.955975885,2020,1,"Sweden"
696419.762402294,2020,1,"Sweden"
696419.762402294,2020,1,"Sweden"
696419.762402294,2020,1,"Sweden"
376880.955975885,2020,1,"Sweden"
376880.955975885,2020,2,"Sweden"
376880.955975885,2020,2,"Sweden"
376880.955975885,2020,2,"Sweden"
697979.865689362,2020,2,"Sweden"
697979.865689362,2020,2,"Sweden"
697979.865689362,2020,2,"Sweden"
697979.865689362,2020,2,"Sweden"
697979.865689362,2020,2,"Sweden"
697979.865689362,2020,2,"Sweden"
697979.865689362,2020,2,"Sweden"
697979.865689362,2020,2,"Sweden"
697979.865689362,2020,2,"Sweden"
697979.865689362,2020,2,"Sweden"
697979.865689362,2020,2,"Sweden"
376880.955975885,2020,2,"Sweden"
376880.955975885,2020,3,"Sweden"
376880.955975885,2020,3,"Sweden"
376880.955975885,2020,3,"Sweden"
376880.955975885,2020,3,"Sweden"
376880.955975885,2020,4,"Sweden"
376880.955975885,2020,4,"Sweden"
376880.955975885,2020,4,"Sweden"
Inf,2020,4,"Sweden"
Inf,2020,4,"Sweden"
696443.754728911,2020,4,"Sweden"
376880.955975885,2020,5,"Sweden"
376880.955975885,2020,5,"Sweden"
Inf,2020,5,"Sweden"
Inf,2020,5,"Sweden"
698001.312464121,2020,5,"Sweden"
698001.312464121,2020,5,"Sweden"
696442.458262376,2020,5,"Sweden"
696442.458262376,2020,5,"Sweden"
376880.955975885,2020,6,"Sweden"
376880.955975885,2020,6,"Sweden"
376880.955975885,2020,6,"Sweden"
376880.955975885,2020,6,"Sweden"
376880.955975885,2020,6,"Sweden"
376880.955975885,2020,6,"Sweden"
Inf,2020,6,"Sweden"
Inf,2020,6,"Sweden"
698014.475759333,2020,6,"Sweden"
696443.754728911,2020,6,"Sweden"
696443.754728911,2020,6,"Sweden"
376880.955975885,2020,7,"Sweden"
376880.955975885,2020,7,"Sweden"
376880.955975885,2020,7,"Sweden"
376880.955975885,2020,7,"Sweden"
Inf,2020,7,"Sweden"
Inf,2020,7,"Sweden"
376880.955975885,2020,8,"Sweden"
376880.955975885,2020,8,"Sweden"
376880.955975885,2020,8,"Sweden"
376880.955975885,2020,8,"Sweden"
Inf,2020,8,"Sweden"
Inf,2020,8,"Sweden"
696456.097788953,2020,8,"Sweden"
698014.475759333,2020,8,"Sweden"
698014.475759333,2020,8,"Sweden"
696449.842493552,2020,8,"Sweden"
696449.842493552,2020,8,"Sweden"
376880.955975885,2020,9,"Sweden"
Inf,2020,9,"Sweden"
Inf,2020,9,"Sweden"
698008.414553102,2020,9,"Sweden"
698008.414553102,2020,9,"Sweden"
376880.955975885,2020,10,"Sweden"
376880.955975885,2020,10,"Sweden"
376880.955975885,2020,10,"Sweden"
376880.955975885,2020,10,"Sweden"
696449.842493552,2020,10,"Sweden"
696449.842493552,2020,10,"Sweden"
698014.475759333,2020,10,"Sweden"
698014.475759333,2020,10,"Sweden"
961830.222303467,2020,10,"Sweden"
376880.955975885,2020,11,"Sweden"
376880.955975885,2020,11,"Sweden"
376880.955975885,2020,12,"Sweden"
376880.955975885,2020,12,"Sweden"
Inf,2019,1,"Sweden"
Inf,2019,1,"Sweden"
Inf,2019,1,"Sweden"
Inf,2019,1,"Sweden"
Inf,2019,1,"Sweden"
Inf,2019,1,"Sweden"
Inf,2019,1,"Sweden"
Inf,2019,1,"Sweden"
376880.955975885,2019,1,"Sweden"
Inf,2019,2,"Sweden"
696270.914333399,2019,2,"Sweden"
696270.914333399,2019,2,"Sweden"
696270.914333399,2019,2,"Sweden"
696270.914333399,2019,2,"Sweden"
376880.955975885,2019,2,"Sweden"
376880.955975885,2019,2,"Sweden"
376880.955975885,2019,3,"Sweden"
376880.955975885,2019,3,"Sweden"
376880.955975885,2019,3,"Sweden"
376880.955975885,2019,3,"Sweden"
376880.955975885,2019,3,"Sweden"
376880.955975885,2019,3,"Sweden"
376880.955975885,2019,3,"Sweden"
376880.955975885,2019,3,"Sweden"
376880.955975885,2019,3,"Sweden"
376880.955975885,2019,3,"Sweden"
376880.955975885,2019,3,"Sweden"
376880.955975885,2019,3,"Sweden"
376880.955975885,2019,3,"Sweden"
376880.955975885,2019,3,"Sweden"
376880.955975885,2019,3,"Sweden"
376880.955975885,2019,4,"Sweden"
376880.955975885,2019,4,"Sweden"
376880.955975885,2019,4,"Sweden"
376880.955975885,2019,4,"Sweden"
376880.955975885,2019,4,"Sweden"
376880.955975885,2019,4,"Sweden"
376880.955975885,2019,4,"Sweden"
376880.955975885,2019,4,"Sweden"
376880.955975885,2019,4,"Sweden"
376880.955975885,2019,4,"Sweden"
376880.955975885,2019,4,"Sweden"
376880.955975885,2019,4,"Sweden"
376880.955975885,2019,4,"Sweden"
Inf,2019,4,"Sweden"
Inf,2019,4,"Sweden"
Inf,2019,4,"Sweden"
Inf,2019,4,"Sweden"
Inf,2019,4,"Sweden"
Inf,2019,4,"Sweden"
Inf,2019,4,"Sweden"
Inf,2019,4,"Sweden"
Inf,2019,4,"Sweden"
376880.955975885,2019,4,"Sweden"
376880.955975885,2019,4,"Sweden"
376880.955975885,2019,4,"Sweden"
376880.955975885,2019,4,"Sweden"
376880.955975885,2019,4,"Sweden"
376880.955975885,2019,4,"Sweden"
376880.955975885,2019,4,"Sweden"
376880.955975885,2019,4,"Sweden"
Inf,2019,4,"Sweden"
698027.639318315,2019,4,"Sweden"
376880.955975885,2019,5,"Sweden"
376880.955975885,2019,5,"Sweden"
376880.955975885,2019,5,"Sweden"
Inf,2019,5,"Sweden"
Inf,2019,5,"Sweden"
Inf,2019,5,"Sweden"
Inf,2019,5,"Sweden"
Inf,2019,5,"Sweden"
Inf,2019,5,"Sweden"
Inf,2019,5,"Sweden"
Inf,2019,5,"Sweden"
Inf,2019,5,"Sweden"
376880.955975885,2019,5,"Sweden"
376880.955975885,2019,5,"Sweden"
376880.955975885,2019,5,"Sweden"
696442.458262376,2019,5,"Sweden"
696442.458262376,2019,5,"Sweden"
Inf,2019,5,"Sweden"
Inf,2019,5,"Sweden"
698014.475759333,2019,5,"Sweden"
698014.475759333,2019,5,"Sweden"
376880.955975885,2019,6,"Sweden"
376880.955975885,2019,6,"Sweden"
376880.955975885,2019,6,"Sweden"
376880.955975885,2019,6,"Sweden"
376880.955975885,2019,6,"Sweden"
376880.955975885,2019,6,"Sweden"
376880.955975885,2019,6,"Sweden"
376880.955975885,2019,6,"Sweden"
376880.955975885,2019,6,"Sweden"
Inf,2019,6,"Sweden"
Inf,2019,6,"Sweden"
Inf,2019,6,"Sweden"
Inf,2019,6,"Sweden"
Inf,2019,6,"Sweden"
Inf,2019,6,"Sweden"
696397.600067303,2019,6,"Sweden"
696397.600067303,2019,6,"Sweden"
696397.600067303,2019,6,"Sweden"
698014.475759333,2019,6,"Sweden"
698014.475759333,2019,6,"Sweden"
698014.475759333,2019,6,"Sweden"
698014.475759333,2019,6,"Sweden"
698014.475759333,2019,6,"Sweden"
698014.475759333,2019,6,"Sweden"
698014.475759333,2019,6,"Sweden"
698014.475759333,2019,6,"Sweden"
698014.475759333,2019,6,"Sweden"
698014.475759333,2019,6,"Sweden"
698014.475759333,2019,6,"Sweden"
698014.475759333,2019,6,"Sweden"
698014.475759333,2019,6,"Sweden"
698014.475759333,2019,6,"Sweden"
376880.955975885,2019,6,"Sweden"
376880.955975885,2019,6,"Sweden"
376880.955975885,2019,6,"Sweden"
376880.955975885,2019,6,"Sweden"
Inf,2019,6,"Sweden"
Inf,2019,6,"Sweden"
696397.600067303,2019,6,"Sweden"
696397.600067303,2019,6,"Sweden"
376880.955975885,2019,7,"Sweden"
376880.955975885,2019,7,"Sweden"
376880.955975885,2019,7,"Sweden"
376880.955975885,2019,7,"Sweden"
376880.955975885,2019,7,"Sweden"
376880.955975885,2019,7,"Sweden"
376880.955975885,2019,7,"Sweden"
376880.955975885,2019,7,"Sweden"
376880.955975885,2019,7,"Sweden"
376880.955975885,2019,7,"Sweden"
376880.955975885,2019,7,"Sweden"
376880.955975885,2019,7,"Sweden"
376880.955975885,2019,7,"Sweden"
376880.955975885,2019,7,"Sweden"
376880.955975885,2019,7,"Sweden"
376880.955975885,2019,7,"Sweden"
376880.955975885,2019,7,"Sweden"
376880.955975885,2019,7,"Sweden"
Inf,2019,7,"Sweden"
Inf,2019,7,"Sweden"
Inf,2019,7,"Sweden"
Inf,2019,7,"Sweden"
Inf,2019,7,"Sweden"
Inf,2019,7,"Sweden"
Inf,2019,7,"Sweden"
Inf,2019,7,"Sweden"
Inf,2019,7,"Sweden"
Inf,2019,7,"Sweden"
376880.955975885,2019,7,"Sweden"
376880.955975885,2019,7,"Sweden"
376880.955975885,2019,7,"Sweden"
376880.955975885,2019,7,"Sweden"
376880.955975885,2019,7,"Sweden"
376880.955975885,2019,7,"Sweden"
696387.803351369,2019,7,"Sweden"
Inf,2019,7,"Sweden"
Inf,2019,7,"Sweden"
376880.955975885,2019,8,"Sweden"
376880.955975885,2019,8,"Sweden"
376880.955975885,2019,8,"Sweden"
376880.955975885,2019,8,"Sweden"
376880.955975885,2019,8,"Sweden"
376880.955975885,2019,8,"Sweden"
376880.955975885,2019,8,"Sweden"
376880.955975885,2019,8,"Sweden"
376880.955975885,2019,8,"Sweden"
376880.955975885,2019,8,"Sweden"
376880.955975885,2019,8,"Sweden"
376880.955975885,2019,8,"Sweden"
376880.955975885,2019,8,"Sweden"
376880.955975885,2019,8,"Sweden"
376880.955975885,2019,8,"Sweden"
376880.955975885,2019,8,"Sweden"
376880.955975885,2019,8,"Sweden"
376880.955975885,2019,8,"Sweden"
376880.955975885,2019,8,"Sweden"
376880.955975885,2019,8,"Sweden"
376880.955975885,2019,8,"Sweden"
376880.955975885,2019,8,"Sweden"
697982.862224024,2019,8,"Sweden"
697982.862224024,2019,8,"Sweden"
697982.862224024,2019,8,"Sweden"
697982.862224024,2019,8,"Sweden"
Inf,2019,8,"Sweden"
Inf,2019,8,"Sweden"
Inf,2019,8,"Sweden"
Inf,2019,8,"Sweden"
Inf,2019,8,"Sweden"
Inf,2019,8,"Sweden"
Inf,2019,8,"Sweden"
Inf,2019,8,"Sweden"
Inf,2019,8,"Sweden"
696443.754728911,2019,8,"Sweden"
696443.754728911,2019,8,"Sweden"
696443.754728911,2019,8,"Sweden"
696443.754728911,2019,8,"Sweden"
696443.754728911,2019,8,"Sweden"
696443.754728911,2019,8,"Sweden"
696443.754728911,2019,8,"Sweden"
696443.754728911,2019,8,"Sweden"
696443.754728911,2019,8,"Sweden"
696443.754728911,2019,8,"Sweden"
696443.754728911,2019,8,"Sweden"
696443.754728911,2019,8,"Sweden"
696443.754728911,2019,8,"Sweden"
696443.754728911,2019,8,"Sweden"
696443.754728911,2019,8,"Sweden"
696443.754728911,2019,8,"Sweden"
696443.754728911,2019,8,"Sweden"
696443.754728911,2019,8,"Sweden"
696443.754728911,2019,8,"Sweden"
696443.754728911,2019,8,"Sweden"
696443.754728911,2019,8,"Sweden"
696443.754728911,2019,8,"Sweden"
696443.754728911,2019,8,"Sweden"
376880.955975885,2019,8,"Sweden"
376880.955975885,2019,8,"Sweden"
376880.955975885,2019,8,"Sweden"
376880.955975885,2019,8,"Sweden"
697982.862224024,2019,8,"Sweden"
697982.862224024,2019,8,"Sweden"
Inf,2019,8,"Sweden"
Inf,2019,8,"Sweden"
696443.754728911,2019,8,"Sweden"
376880.955975885,2019,9,"Sweden"
376880.955975885,2019,9,"Sweden"
376880.955975885,2019,9,"Sweden"
376880.955975885,2019,9,"Sweden"
376880.955975885,2019,9,"Sweden"
376880.955975885,2019,9,"Sweden"
376880.955975885,2019,9,"Sweden"
698014.475759333,2019,9,"Sweden"
698014.475759333,2019,9,"Sweden"
698014.475759333,2019,9,"Sweden"
698014.475759333,2019,9,"Sweden"
698014.475759333,2019,9,"Sweden"
698014.475759333,2019,9,"Sweden"
698014.475759333,2019,9,"Sweden"
Inf,2019,9,"Sweden"
Inf,2019,9,"Sweden"
Inf,2019,9,"Sweden"
Inf,2019,9,"Sweden"
Inf,2019,9,"Sweden"
Inf,2019,9,"Sweden"
Inf,2019,9,"Sweden"
Inf,2019,9,"Sweden"
Inf,2019,9,"Sweden"
Inf,2019,9,"Sweden"
Inf,2019,9,"Sweden"
Inf,2019,9,"Sweden"
696411.272393267,2019,9,"Sweden"
696411.272393267,2019,9,"Sweden"
696411.272393267,2019,9,"Sweden"
696411.272393267,2019,9,"Sweden"
696411.272393267,2019,9,"Sweden"
696411.272393267,2019,9,"Sweden"
696411.272393267,2019,9,"Sweden"
696411.272393267,2019,9,"Sweden"
696411.272393267,2019,9,"Sweden"
696411.272393267,2019,9,"Sweden"
696411.272393267,2019,9,"Sweden"
696411.272393267,2019,9,"Sweden"
Inf,2019,9,"Sweden"
376880.955975885,2019,9,"Sweden"
376880.955975885,2019,9,"Sweden"
376880.955975885,2019,9,"Sweden"
376880.955975885,2019,9,"Sweden"
698014.475759333,2019,9,"Sweden"
698014.475759333,2019,9,"Sweden"
Inf,2019,9,"Sweden"
Inf,2019,9,"Sweden"
696411.272393267,2019,9,"Sweden"
696411.272393267,2019,9,"Sweden"
376880.955975885,2019,10,"Sweden"
376880.955975885,2019,10,"Sweden"
697995.25110793,2019,10,"Sweden"
697995.25110793,2019,10,"Sweden"
697995.25110793,2019,10,"Sweden"
696455.572213319,2019,10,"Sweden"
696455.572213319,2019,10,"Sweden"
696455.572213319,2019,10,"Sweden"
696455.572213319,2019,10,"Sweden"
696455.572213319,2019,10,"Sweden"
696455.572213319,2019,10,"Sweden"
696455.572213319,2019,10,"Sweden"
696455.572213319,2019,10,"Sweden"
696455.572213319,2019,10,"Sweden"
696455.572213319,2019,10,"Sweden"
376880.955975885,2019,10,"Sweden"
376880.955975885,2019,10,"Sweden"
376880.955975885,2019,10,"Sweden"
696455.572213319,2019,10,"Sweden"
696455.572213319,2019,10,"Sweden"
376880.955975885,2019,11,"Sweden"
376880.955975885,2019,11,"Sweden"
376880.955975885,2019,11,"Sweden"
376880.955975885,2019,11,"Sweden"
376880.955975885,2019,11,"Sweden"
376880.955975885,2019,11,"Sweden"
376880.955975885,2019,11,"Sweden"
376880.955975885,2019,11,"Sweden"
376880.955975885,2019,11,"Sweden"
376880.955975885,2019,11,"Sweden"
376880.955975885,2019,11,"Sweden"
376880.955975885,2019,11,"Sweden"
376880.955975885,2019,11,"Sweden"
376880.955975885,2019,11,"Sweden"
376880.955975885,2019,11,"Sweden"
376880.955975885,2019,11,"Sweden"
376880.955975885,2019,11,"Sweden"
376880.955975885,2019,11,"Sweden"
376880.955975885,2019,11,"Sweden"
376880.955975885,2019,11,"Sweden"
376880.955975885,2019,11,"Sweden"
376880.955975885,2019,11,"Sweden"
697988.923721358,2019,11,"Sweden"
697988.923721358,2019,11,"Sweden"
697988.923721358,2019,11,"Sweden"
697988.923721358,2019,11,"Sweden"
Inf,2019,11,"Sweden"
Inf,2019,11,"Sweden"
Inf,2019,11,"Sweden"
Inf,2019,11,"Sweden"
Inf,2019,11,"Sweden"
Inf,2019,11,"Sweden"
Inf,2019,11,"Sweden"
Inf,2019,11,"Sweden"
Inf,2019,11,"Sweden"
Inf,2019,11,"Sweden"
Inf,2019,11,"Sweden"
Inf,2019,11,"Sweden"
Inf,2019,11,"Sweden"
Inf,2019,11,"Sweden"
Inf,2019,11,"Sweden"
376880.955975885,2019,11,"Sweden"
697988.923721358,2019,11,"Sweden"
697988.923721358,2019,11,"Sweden"
376880.955975885,2019,12,"Sweden"
376880.955975885,2019,12,"Sweden"
376880.955975885,2019,12,"Sweden"
376880.955975885,2019,12,"Sweden"
376880.955975885,2019,12,"Sweden"
376880.955975885,2019,12,"Sweden"
376880.955975885,2019,12,"Sweden"
376880.955975885,2019,12,"Sweden"
376880.955975885,2019,12,"Sweden"
376880.955975885,2019,12,"Sweden"
376880.955975885,2019,12,"Sweden"
376880.955975885,2019,12,"Sweden"
376880.955975885,2019,12,"Sweden"
376880.955975885,2019,12,"Sweden"
376880.955975885,2019,12,"Sweden"
376880.955975885,2019,12,"Sweden"
376880.955975885,2019,12,"Sweden"
376880.955975885,2019,12,"Sweden"
376880.955975885,2019,12,"Sweden"
376880.955975885,2019,12,"Sweden"
376880.955975885,2019,12,"Sweden"
376880.955975885,2019,12,"Sweden"
376880.955975885,2019,12,"Sweden"
Inf,2019,12,"Sweden"
Inf,2019,12,"Sweden"
Inf,2019,12,"Sweden"
Inf,2019,12,"Sweden"
Inf,2019,12,"Sweden"
696485.654179521,2019,12,"Sweden"
696485.654179521,2019,12,"Sweden"
696485.654179521,2019,12,"Sweden"
376880.955975885,2019,12,"Sweden"
376880.955975885,2019,12,"Sweden"
376977.634841086,2018,1,"Sweden"
376977.634841086,2018,1,"Sweden"
376977.634841086,2018,2,"Sweden"
376977.634841086,2018,2,"Sweden"
376977.634841086,2018,3,"Sweden"
376977.634841086,2018,3,"Sweden"
376977.634841086,2018,3,"Sweden"
376977.634841086,2018,3,"Sweden"
376977.634841086,2018,3,"Sweden"
376977.634841086,2018,4,"Sweden"
376977.634841086,2018,4,"Sweden"
376977.634841086,2018,4,"Sweden"
376977.634841086,2018,4,"Sweden"
376977.634841086,2018,4,"Sweden"
Inf,2018,4,"Sweden"
Inf,2018,4,"Sweden"
376977.634841086,2018,5,"Sweden"
376977.634841086,2018,5,"Sweden"
376977.634841086,2018,5,"Sweden"
376977.634841086,2018,5,"Sweden"
696424.55263546,2018,5,"Sweden"
696360.49476121,2018,5,"Sweden"
Inf,2018,5,"Sweden"
Inf,2018,5,"Sweden"
376977.634841086,2018,6,"Sweden"
376977.634841086,2018,6,"Sweden"
376977.634841086,2018,6,"Sweden"
376977.634841086,2018,6,"Sweden"
697978.822534531,2018,6,"Sweden"
697978.822534531,2018,6,"Sweden"
Inf,2018,6,"Sweden"
Inf,2018,6,"Sweden"
376977.634841086,2018,7,"Sweden"
376977.634841086,2018,7,"Sweden"
376977.634841086,2018,7,"Sweden"
376977.634841086,2018,7,"Sweden"
Inf,2018,7,"Sweden"
Inf,2018,7,"Sweden"
376977.634841086,2018,8,"Sweden"
376977.634841086,2018,8,"Sweden"
376977.634841086,2018,8,"Sweden"
696437.667028778,2018,8,"Sweden"
696437.667028778,2018,8,"Sweden"
698033.343900994,2018,8,"Sweden"
698033.343900994,2018,8,"Sweden"
Inf,2018,8,"Sweden"
Inf,2018,8,"Sweden"
376977.634841086,2018,9,"Sweden"
376977.634841086,2018,9,"Sweden"
376977.634841086,2018,9,"Sweden"
376977.634841086,2018,9,"Sweden"
Inf,2018,9,"Sweden"
Inf,2018,9,"Sweden"
696461.66010318,2018,9,"Sweden"
696461.66010318,2018,9,"Sweden"
698000.690342122,2018,9,"Sweden"
698000.690342122,2018,9,"Sweden"
Inf,2018,9,"Sweden"
Inf,2018,9,"Sweden"
376977.634841086,2018,10,"Sweden"
376977.634841086,2018,10,"Sweden"
376977.634841086,2018,10,"Sweden"
698022.202755012,2018,10,"Sweden"
698022.202755012,2018,10,"Sweden"
376977.634841086,2018,11,"Sweden"
376977.634841086,2018,11,"Sweden"
376977.634841086,2018,12,"Sweden"
376977.634841086,2018,12,"Sweden"
Inf,2018,12,"Sweden"
376977.634841086,2017,1,"Sweden"
376977.634841086,2017,1,"Sweden"
376977.634841086,2017,2,"Sweden"
376977.634841086,2017,2,"Sweden"
376977.634841086,2017,2,"Sweden"
376977.634841086,2017,2,"Sweden"
376977.634841086,2017,3,"Sweden"
376977.634841086,2017,3,"Sweden"
376977.634841086,2017,3,"Sweden"
376977.634841086,2017,3,"Sweden"
Inf,2017,3,"Sweden"
Inf,2017,3,"Sweden"
376977.634841086,2017,4,"Sweden"
376977.634841086,2017,4,"Sweden"
Inf,2017,4,"Sweden"
Inf,2017,4,"Sweden"
376977.634841086,2017,5,"Sweden"
376977.634841086,2017,5,"Sweden"
376977.634841086,2017,5,"Sweden"
698015.517270494,2017,5,"Sweden"
696388.743055819,2017,5,"Sweden"
696388.743055819,2017,5,"Sweden"
Inf,2017,5,"Sweden"
Inf,2017,5,"Sweden"
376977.634841086,2017,6,"Sweden"
376977.634841086,2017,6,"Sweden"
376977.634841086,2017,6,"Sweden"
376977.634841086,2017,6,"Sweden"
698003.752001097,2017,6,"Sweden"
698003.752001097,2017,6,"Sweden"
Inf,2017,6,"Sweden"
Inf,2017,6,"Sweden"
961830.222303467,2017,6,"Sweden"
696443.754728911,2017,6,"Sweden"
376977.634841086,2017,7,"Sweden"
376977.634841086,2017,7,"Sweden"
376977.634841086,2017,7,"Sweden"
376977.634841086,2017,7,"Sweden"
698014.475759333,2017,7,"Sweden"
Inf,2017,7,"Sweden"
Inf,2017,7,"Sweden"
696431.937487585,2017,7,"Sweden"
696431.937487585,2017,7,"Sweden"
Inf,2017,7,"Sweden"
Inf,2017,7,"Sweden"
376977.634841086,2017,8,"Sweden"
376977.634841086,2017,8,"Sweden"
376977.634841086,2017,8,"Sweden"
376977.634841086,2017,8,"Sweden"
376977.634841086,2017,8,"Sweden"
376977.634841086,2017,8,"Sweden"
698032.303211614,2017,8,"Sweden"
698032.303211614,2017,8,"Sweden"
696398.159083842,2017,8,"Sweden"
696398.159083842,2017,8,"Sweden"
376977.634841086,2017,9,"Sweden"
376977.634841086,2017,9,"Sweden"
698004.377278749,2017,9,"Sweden"
698004.377278749,2017,9,"Sweden"
696449.842493552,2017,9,"Sweden"
696449.842493552,2017,9,"Sweden"
Inf,2017,9,"Sweden"
Inf,2017,9,"Sweden"
376977.634841086,2017,10,"Sweden"
698014.475759333,2017,10,"Sweden"
698014.475759333,2017,10,"Sweden"
696470.511191835,2017,10,"Sweden"
696470.511191835,2017,10,"Sweden"
376977.634841086,2017,11,"Sweden"
376977.634841086,2017,11,"Sweden"
376977.634841086,2017,12,"Sweden"
376977.634841086,2017,12,"Sweden"
376977.634841086,2016,1,"Sweden"
Inf,2016,1,"Sweden"
376977.634841086,2016,2,"Sweden"
376977.634841086,2016,2,"Sweden"
376977.634841086,2016,3,"Sweden"
376977.634841086,2016,3,"Sweden"
376977.634841086,2016,3,"Sweden"
376977.634841086,2016,3,"Sweden"
Inf,2016,3,"Sweden"
Inf,2016,3,"Sweden"
376977.634841086,2016,4,"Sweden"
376977.634841086,2016,4,"Sweden"
376977.634841086,2016,4,"Sweden"
376977.634841086,2016,4,"Sweden"
376977.634841086,2016,4,"Sweden"
376977.634841086,2016,4,"Sweden"
376977.634841086,2016,4,"Sweden"
Inf,2016,4,"Sweden"
Inf,2016,4,"Sweden"
Inf,2016,4,"Sweden"
Inf,2016,4,"Sweden"
696475.300021298,2016,5,"Sweden"
696475.300021298,2016,5,"Sweden"
698006.752029815,2016,5,"Sweden"
698006.752029815,2016,5,"Sweden"
Inf,2016,5,"Sweden"
Inf,2016,5,"Sweden"
698014.475759333,2016,5,"Sweden"
698014.475759333,2016,5,"Sweden"
376977.634841086,2016,6,"Sweden"
376977.634841086,2016,6,"Sweden"
Inf,2016,6,"Sweden"
Inf,2016,6,"Sweden"
696462.185412037,2016,6,"Sweden"
696462.185412037,2016,6,"Sweden"
Inf,2016,6,"Sweden"
Inf,2016,6,"Sweden"
376977.634841086,2016,7,"Sweden"
376977.634841086,2016,7,"Sweden"
696385.135337252,2016,7,"Sweden"
Inf,2016,7,"Sweden"
Inf,2016,7,"Sweden"
376977.634841086,2016,8,"Sweden"
376977.634841086,2016,8,"Sweden"
376977.634841086,2016,8,"Sweden"
376977.634841086,2016,8,"Sweden"
376977.634841086,2016,8,"Sweden"
Inf,2016,8,"Sweden"
Inf,2016,8,"Sweden"
698002.353411597,2016,8,"Sweden"
698002.353411597,2016,8,"Sweden"
376977.634841086,2016,9,"Sweden"
376977.634841086,2016,9,"Sweden"
696462.411521302,2016,9,"Sweden"
696462.411521302,2016,9,"Sweden"
698018.519020086,2016,9,"Sweden"
698018.519020086,2016,9,"Sweden"
Inf,2016,9,"Sweden"
Inf,2016,9,"Sweden"
376977.634841086,2016,10,"Sweden"
376977.634841086,2016,10,"Sweden"
696439.492284858,2016,10,"Sweden"
696439.492284858,2016,10,"Sweden"
698008.414553102,2016,10,"Sweden"
698008.414553102,2016,10,"Sweden"
376977.634841086,2016,11,"Sweden"
376977.634841086,2016,11,"Sweden"
376977.634841086,2016,11,"Sweden"
376977.634841086,2016,11,"Sweden"
696436.72840105,2016,11,"Sweden"
696436.72840105,2016,11,"Sweden"
376977.634841086,2016,12,"Sweden"
376977.634841086,2016,12,"Sweden"
376977.634841086,2015,3,"Sweden"
376977.634841086,2015,3,"Sweden"
376977.634841086,2015,3,"Sweden"
376977.634841086,2015,3,"Sweden"
376977.634841086,2015,3,"Sweden"
Inf,2015,3,"Sweden"
376977.634841086,2015,4,"Sweden"
376977.634841086,2015,4,"Sweden"
Inf,2015,4,"Sweden"
Inf,2015,4,"Sweden"
Inf,2015,4,"Sweden"
696432.106020245,2015,5,"Sweden"
698105.348288057,2015,5,"Sweden"
698105.348288057,2015,5,"Sweden"
Inf,2015,5,"Sweden"
Inf,2015,5,"Sweden"
376977.634841086,2015,6,"Sweden"
376977.634841086,2015,6,"Sweden"
697994.62871915,2015,6,"Sweden"
697994.62871915,2015,6,"Sweden"
Inf,2015,6,"Sweden"
Inf,2015,6,"Sweden"
696443.754728911,2015,6,"Sweden"
696443.754728911,2015,6,"Sweden"
697976.800791415,2015,6,"Sweden"
697976.800791415,2015,6,"Sweden"
376977.634841086,2015,7,"Sweden"
376977.634841086,2015,7,"Sweden"
376977.634841086,2015,7,"Sweden"
376977.634841086,2015,7,"Sweden"
376977.634841086,2015,7,"Sweden"
376977.634841086,2015,7,"Sweden"
Inf,2015,7,"Sweden"
376977.634841086,2015,8,"Sweden"
376977.634841086,2015,8,"Sweden"
696490.448094028,2015,8,"Sweden"
696490.448094028,2015,8,"Sweden"
Inf,2015,8,"Sweden"
Inf,2015,8,"Sweden"
698014.475759333,2015,8,"Sweden"
698014.475759333,2015,8,"Sweden"
376977.634841086,2015,9,"Sweden"
376977.634841086,2015,9,"Sweden"
376977.634841086,2015,9,"Sweden"
696437.667028778,2015,9,"Sweden"
696437.667028778,2015,9,"Sweden"
Inf,2015,9,"Sweden"
Inf,2015,9,"Sweden"
698027.639318315,2015,9,"Sweden"
698027.639318315,2015,9,"Sweden"
376977.634841086,2015,10,"Sweden"
376977.634841086,2015,10,"Sweden"
376977.634841086,2015,10,"Sweden"
376977.634841086,2015,10,"Sweden"
696453.339585357,2015,10,"Sweden"
696453.339585357,2015,10,"Sweden"
Inf,2015,10,"Sweden"
Inf,2015,10,"Sweden"
376977.634841086,2015,11,"Sweden"
376977.634841086,2015,11,"Sweden"
697982.862224024,2015,11,"Sweden"
697982.862224024,2015,11,"Sweden"
376977.634841086,2015,12,"Sweden"
376977.634841086,2015,12,"Sweden"
376977.634841086,2014,1,"Sweden"
376977.634841086,2014,2,"Sweden"
376977.634841086,2014,2,"Sweden"
376977.634841086,2014,3,"Sweden"
376977.634841086,2014,3,"Sweden"
376977.634841086,2014,3,"Sweden"
376977.634841086,2014,4,"Sweden"
376977.634841086,2014,4,"Sweden"
376977.634841086,2014,4,"Sweden"
376977.634841086,2014,4,"Sweden"
376977.634841086,2014,4,"Sweden"
376977.634841086,2014,4,"Sweden"
376977.634841086,2014,4,"Sweden"
Inf,2014,4,"Sweden"
Inf,2014,4,"Sweden"
376977.634841086,2014,5,"Sweden"
376977.634841086,2014,5,"Sweden"
697983.485130684,2014,5,"Sweden"
697983.485130684,2014,5,"Sweden"
696471.982158951,2014,5,"Sweden"
696471.982158951,2014,5,"Sweden"
Inf,2014,5,"Sweden"
Inf,2014,5,"Sweden"
376977.634841086,2014,6,"Sweden"
376977.634841086,2014,6,"Sweden"
376977.634841086,2014,6,"Sweden"
Inf,2014,6,"Sweden"
Inf,2014,6,"Sweden"
697990.587851104,2014,6,"Sweden"
697990.587851104,2014,6,"Sweden"
696443.754728911,2014,6,"Sweden"
696443.754728911,2014,6,"Sweden"
Inf,2014,6,"Sweden"
Inf,2014,6,"Sweden"
376977.634841086,2014,7,"Sweden"
376977.634841086,2014,7,"Sweden"
376977.634841086,2014,7,"Sweden"
376977.634841086,2014,7,"Sweden"
376977.634841086,2014,7,"Sweden"
376977.634841086,2014,7,"Sweden"
696480.090559689,2014,7,"Sweden"
696480.090559689,2014,7,"Sweden"
Inf,2014,7,"Sweden"
Inf,2014,7,"Sweden"
376977.634841086,2014,8,"Sweden"
376977.634841086,2014,8,"Sweden"
698045.46632955,2014,8,"Sweden"
698045.46632955,2014,8,"Sweden"
696443.754728911,2014,8,"Sweden"
696443.754728911,2014,8,"Sweden"
376977.634841086,2014,9,"Sweden"
376977.634841086,2014,9,"Sweden"
376977.634841086,2014,9,"Sweden"
698014.475759333,2014,9,"Sweden"
698014.475759333,2014,9,"Sweden"
Inf,2014,9,"Sweden"
Inf,2014,9,"Sweden"
696443.754728911,2014,9,"Sweden"
696443.754728911,2014,9,"Sweden"
376977.634841086,2014,10,"Sweden"
376977.634841086,2014,10,"Sweden"
376977.634841086,2014,10,"Sweden"
Inf,2014,10,"Sweden"
698014.475759333,2014,10,"Sweden"
698014.475759333,2014,10,"Sweden"
696420.289547285,2014,10,"Sweden"
696420.289547285,2014,10,"Sweden"
376977.634841086,2014,11,"Sweden"
376977.634841086,2014,12,"Sweden"
376977.634841086,2014,12,"Sweden"
376977.634841086,2013,2,"Sweden"
376977.634841086,2013,2,"Sweden"
Inf,2013,2,"Sweden"
376977.634841086,2013,3,"Sweden"
376977.634841086,2013,4,"Sweden"
376977.634841086,2013,4,"Sweden"
Inf,2013,4,"Sweden"
Inf,2013,4,"Sweden"
376977.634841086,2013,5,"Sweden"
376977.634841086,2013,5,"Sweden"
376977.634841086,2013,5,"Sweden"
376977.634841086,2013,5,"Sweden"
Inf,2013,5,"Sweden"
696424.55263546,2013,5,"Sweden"
698014.475759333,2013,5,"Sweden"
698014.475759333,2013,5,"Sweden"
376977.634841086,2013,6,"Sweden"
376977.634841086,2013,6,"Sweden"
376977.634841086,2013,6,"Sweden"
Inf,2013,6,"Sweden"
Inf,2013,6,"Sweden"
696372.704596275,2013,6,"Sweden"
696372.704596275,2013,6,"Sweden"
376977.634841086,2013,7,"Sweden"
376977.634841086,2013,7,"Sweden"
376977.634841086,2013,7,"Sweden"
376977.634841086,2013,7,"Sweden"
376977.634841086,2013,7,"Sweden"
376977.634841086,2013,7,"Sweden"
Inf,2013,7,"Sweden"
Inf,2013,7,"Sweden"
696448.546302644,2013,7,"Sweden"
696448.546302644,2013,7,"Sweden"
376977.634841086,2013,8,"Sweden"
376977.634841086,2013,8,"Sweden"
Inf,2013,8,"Sweden"
Inf,2013,8,"Sweden"
697971.362863783,2013,8,"Sweden"
697971.362863783,2013,8,"Sweden"
696436.72840105,2013,8,"Sweden"
696436.72840105,2013,8,"Sweden"
376977.634841086,2013,9,"Sweden"
376977.634841086,2013,9,"Sweden"
376977.634841086,2013,9,"Sweden"
376977.634841086,2013,9,"Sweden"
698014.475759333,2013,9,"Sweden"
698014.475759333,2013,9,"Sweden"
Inf,2013,9,"Sweden"
Inf,2013,9,"Sweden"
696451.308591098,2013,9,"Sweden"
696451.308591098,2013,9,"Sweden"
376977.634841086,2013,10,"Sweden"
376977.634841086,2013,10,"Sweden"
698014.475759333,2013,10,"Sweden"
698014.475759333,2013,10,"Sweden"
696443.754728911,2013,10,"Sweden"
696443.754728911,2013,10,"Sweden"
697962.598418881,2013,10,"Sweden"
697962.598418881,2013,10,"Sweden"
376977.634841086,2013,11,"Sweden"
376977.634841086,2013,11,"Sweden"
376977.634841086,2013,12,"Sweden"
376977.634841086,2013,12,"Sweden"
376977.634841086,2012,1,"Sweden"
376977.634841086,2012,1,"Sweden"
376977.634841086,2012,2,"Sweden"
376977.634841086,2012,2,"Sweden"
376977.634841086,2012,3,"Sweden"
376977.634841086,2012,3,"Sweden"
376977.634841086,2012,4,"Sweden"
376977.634841086,2012,4,"Sweden"
376977.634841086,2012,4,"Sweden"
Inf,2012,4,"Sweden"
Inf,2012,4,"Sweden"
Inf,2012,5,"Sweden"
376977.634841086,2012,5,"Sweden"
376977.634841086,2012,5,"Sweden"
376977.634841086,2012,5,"Sweden"
698136.337390267,2012,5,"Sweden"
Inf,2012,5,"Sweden"
696462.185412037,2012,5,"Sweden"
696462.185412037,2012,5,"Sweden"
698014.475759333,2012,5,"Sweden"
376977.634841086,2012,6,"Sweden"
376977.634841086,2012,6,"Sweden"
376977.634841086,2012,6,"Sweden"
376977.634841086,2012,6,"Sweden"
Inf,2012,6,"Sweden"
Inf,2012,6,"Sweden"
696456.097788953,2012,6,"Sweden"
696456.097788953,2012,6,"Sweden"
698020.180483148,2012,6,"Sweden"
698020.180483148,2012,6,"Sweden"
Inf,2012,7,"Sweden"
376977.634841086,2012,7,"Sweden"
376977.634841086,2012,7,"Sweden"
376977.634841086,2012,7,"Sweden"
376977.634841086,2012,7,"Sweden"
376977.634841086,2012,7,"Sweden"
376977.634841086,2012,7,"Sweden"
Inf,2012,7,"Sweden"
Inf,2012,7,"Sweden"
696467.914998574,2012,7,"Sweden"
Inf,2012,7,"Sweden"
Inf,2012,7,"Sweden"
698045.733241085,2012,7,"Sweden"
698045.733241085,2012,7,"Sweden"
376977.634841086,2012,8,"Sweden"
376977.634841086,2012,8,"Sweden"
376977.634841086,2012,8,"Sweden"
376977.634841086,2012,8,"Sweden"
696443.754728911,2012,8,"Sweden"
696443.754728911,2012,8,"Sweden"
Inf,2012,8,"Sweden"
Inf,2012,8,"Sweden"
697982.862224024,2012,8,"Sweden"
697982.862224024,2012,8,"Sweden"
376977.634841086,2012,9,"Sweden"
376977.634841086,2012,9,"Sweden"
376977.634841086,2012,9,"Sweden"
376977.634841086,2012,9,"Sweden"
696443.754728911,2012,9,"Sweden"
696443.754728911,2012,9,"Sweden"
376977.634841086,2012,10,"Sweden"
376977.634841086,2012,10,"Sweden"
376977.634841086,2012,10,"Sweden"
376977.634841086,2012,10,"Sweden"
698014.475759333,2012,10,"Sweden"
698014.475759333,2012,10,"Sweden"
696455.572213319,2012,10,"Sweden"
696455.572213319,2012,10,"Sweden"
376977.634841086,2012,11,"Sweden"
376977.634841086,2012,11,"Sweden"
376977.634841086,2012,12,"Sweden"
376977.634841086,2012,12,"Sweden"
376978.875960034,2011,1,"Sweden"
376978.875960034,2011,1,"Sweden"
376978.875960034,2011,2,"Sweden"
376978.875960034,2011,2,"Sweden"
376978.875960034,2011,4,"Sweden"
376978.875960034,2011,4,"Sweden"
376978.875960034,2011,4,"Sweden"
Inf,2011,4,"Sweden"
376978.875960034,2011,5,"Sweden"
376978.875960034,2011,5,"Sweden"
376978.875960034,2011,5,"Sweden"
376978.875960034,2011,5,"Sweden"
376978.875960034,2011,5,"Sweden"
696481.029466282,2011,5,"Sweden"
Inf,2011,5,"Sweden"
Inf,2011,5,"Sweden"
698122.485451078,2011,5,"Sweden"
696443.754728911,2011,5,"Sweden"
696443.754728911,2011,5,"Sweden"
376978.875960034,2011,6,"Sweden"
376978.875960034,2011,6,"Sweden"
Inf,2011,6,"Sweden"
Inf,2011,6,"Sweden"
698045.733241085,2011,6,"Sweden"
698045.733241085,2011,6,"Sweden"
Inf,2011,7,"Sweden"
Inf,2011,7,"Sweden"
Inf,2011,7,"Sweden"
Inf,2011,7,"Sweden"
376978.875960034,2011,7,"Sweden"
376978.875960034,2011,7,"Sweden"
376978.875960034,2011,7,"Sweden"
376978.875960034,2011,7,"Sweden"
Inf,2011,7,"Sweden"
Inf,2011,7,"Sweden"
698067.959795718,2011,7,"Sweden"
698067.959795718,2011,7,"Sweden"
376978.875960034,2011,8,"Sweden"
376978.875960034,2011,8,"Sweden"
376978.875960034,2011,8,"Sweden"
376978.875960034,2011,8,"Sweden"
376978.875960034,2011,8,"Sweden"
376978.875960034,2011,8,"Sweden"
Inf,2011,8,"Sweden"
Inf,2011,8,"Sweden"
696515.902528912,2011,8,"Sweden"
696515.902528912,2011,8,"Sweden"
698014.475759333,2011,8,"Sweden"
698014.475759333,2011,8,"Sweden"
376978.875960034,2011,9,"Sweden"
376978.875960034,2011,9,"Sweden"
376978.875960034,2011,9,"Sweden"
Inf,2011,9,"Sweden"
Inf,2011,9,"Sweden"
696640.669761677,2011,9,"Sweden"
696640.669761677,2011,9,"Sweden"
697990.587851104,2011,9,"Sweden"
697990.587851104,2011,9,"Sweden"
376978.875960034,2011,10,"Sweden"
376978.875960034,2011,10,"Sweden"
376978.875960034,2011,10,"Sweden"
696430.640486,2011,10,"Sweden"
696430.640486,2011,10,"Sweden"
376978.875960034,2011,11,"Sweden"
376978.875960034,2011,11,"Sweden"
376978.875960034,2011,12,"Sweden"
376978.875960034,2011,12,"Sweden"
376978.875960034,2010,1,"Sweden"
696449.842493552,2010,4,"Sweden"
696449.842493552,2010,4,"Sweden"
Inf,2010,4,"Sweden"
Inf,2010,4,"Sweden"
376978.875960034,2010,4,"Sweden"
376978.875960034,2010,4,"Sweden"
376978.875960034,2010,4,"Sweden"
Inf,2010,5,"Sweden"
698026.24181502,2010,5,"Sweden"
376978.875960034,2010,5,"Sweden"
376978.875960034,2010,5,"Sweden"
376978.875960034,2010,5,"Sweden"
376978.875960034,2010,5,"Sweden"
Inf,2010,6,"unknown or invalid"
Inf,2010,6,"unknown or invalid"
Inf,2010,6,"unknown or invalid"
Inf,2010,6,"unknown or invalid"
Inf,2010,6,"unknown or invalid"
Inf,2010,6,"unknown or invalid"
Inf,2010,6,"unknown or invalid"
Inf,2010,6,"Sweden"
Inf,2010,6,"Sweden"
961789.330114995,2010,6,"Sweden"
696415.502350397,2010,6,"Sweden"
696415.502350397,2010,6,"Sweden"
698013.078810906,2010,6,"Sweden"
698013.078810906,2010,6,"Sweden"
Inf,2010,6,"Sweden"
Inf,2010,6,"Sweden"
696443.754728911,2010,6,"Sweden"
696443.754728911,2010,6,"Sweden"
376978.875960034,2010,6,"Sweden"
376978.875960034,2010,6,"Sweden"
376978.875960034,2010,6,"Sweden"
376978.875960034,2010,7,"Sweden"
376978.875960034,2010,7,"Sweden"
376978.875960034,2010,7,"Sweden"
376978.875960034,2010,7,"Sweden"
Inf,2010,8,"Sweden"
Inf,2010,8,"Sweden"
696381.715665393,2010,8,"Sweden"
Inf,2010,8,"Sweden"
Inf,2010,8,"Sweden"
698057.855387378,2010,8,"Sweden"
698057.855387378,2010,8,"Sweden"
Inf,2010,8,"Sweden"
Inf,2010,8,"Sweden"
Inf,2010,8,"Sweden"
Inf,2010,8,"Sweden"
376978.875960034,2010,8,"Sweden"
376978.875960034,2010,8,"Sweden"
376978.875960034,2010,8,"Sweden"
376978.875960034,2010,8,"Sweden"
376978.875960034,2010,8,"Sweden"
696443.754728911,2010,9,"Sweden"
696443.754728911,2010,9,"Sweden"
376978.875960034,2010,9,"Sweden"
698045.46632955,2010,10,"Sweden"
698045.46632955,2010,10,"Sweden"
696430.640486,2010,10,"Sweden"
696430.640486,2010,10,"Sweden"
Inf,2010,10,"Sweden"
Inf,2010,10,"Sweden"
Inf,2010,10,"Sweden"
Inf,2010,10,"Sweden"
376978.875960034,2010,10,"Sweden"
376978.875960034,2010,10,"Sweden"
376978.875960034,2010,10,"Sweden"
376978.875960034,2010,11,"Sweden"
698061.898018442,2010,12,"Sweden"
698061.898018442,2010,12,"Sweden"
376978.875960034,2010,12,"Sweden"
376978.875960034,2010,12,"Sweden"
376978.875960034,2009,1,"Sweden"
Inf,2009,2,"Sweden"
Inf,2009,2,"Sweden"
376978.875960034,2009,2,"Sweden"
376978.875960034,2009,2,"Sweden"
Inf,2009,3,"Sweden"
376978.875960034,2009,3,"Sweden"
376978.875960034,2009,3,"Sweden"
376978.875960034,2009,3,"Sweden"
Inf,2009,4,"Sweden"
Inf,2009,4,"Sweden"
698000.690342122,2009,4,"Sweden"
Inf,2009,4,"Sweden"
376978.875960034,2009,4,"Sweden"
376978.875960034,2009,4,"Sweden"
376978.875960034,2009,4,"Sweden"
376978.875960034,2009,4,"Sweden"
376978.875960034,2009,4,"Sweden"
698101.608041496,2009,5,"Sweden"
698101.608041496,2009,5,"Sweden"
Inf,2009,5,"Sweden"
Inf,2009,5,"Sweden"
696426.376790872,2009,5,"Sweden"
696426.376790872,2009,5,"Sweden"
376978.875960034,2009,5,"Sweden"
376978.875960034,2009,5,"Sweden"
376978.875960034,2009,5,"Sweden"
698030.907073753,2009,6,"Sweden"
698030.907073753,2009,6,"Sweden"
Inf,2009,6,"Sweden"
Inf,2009,6,"Sweden"
696435.432768346,2009,6,"Sweden"
696435.432768346,2009,6,"Sweden"
697981.466077149,2009,6,"Sweden"
697981.466077149,2009,6,"Sweden"
Inf,2009,6,"Sweden"
Inf,2009,6,"Sweden"
376978.875960034,2009,6,"Sweden"
376978.875960034,2009,6,"Sweden"
376978.875960034,2009,6,"Sweden"
376978.875960034,2009,6,"Sweden"
376978.875960034,2009,6,"Sweden"
376978.875960034,2009,6,"Sweden"
696449.842493552,2009,7,"Sweden"
Inf,2009,7,"Sweden"
Inf,2009,7,"Sweden"
Inf,2009,7,"Sweden"
Inf,2009,7,"Sweden"
376978.875960034,2009,7,"Sweden"
376978.875960034,2009,7,"Sweden"
376978.875960034,2009,7,"Sweden"
376978.875960034,2009,7,"Sweden"
698013.078810906,2009,8,"Sweden"
698013.078810906,2009,8,"Sweden"
696453.339585357,2009,8,"Sweden"
696453.339585357,2009,8,"Sweden"
Inf,2009,8,"Sweden"
Inf,2009,8,"Sweden"
Inf,2009,8,"Sweden"
376978.875960034,2009,8,"Sweden"
376978.875960034,2009,8,"Sweden"
698014.475759333,2009,9,"Sweden"
698014.475759333,2009,9,"Sweden"
696443.754728911,2009,9,"Sweden"
696443.754728911,2009,9,"Sweden"
376978.875960034,2009,9,"Sweden"
376978.875960034,2009,9,"Sweden"
376978.875960034,2009,9,"Sweden"
376978.875960034,2009,9,"Sweden"
961821.285491,2009,10,"Sweden"
961821.285491,2009,10,"Sweden"
376978.875960034,2009,10,"Sweden"
376978.875960034,2009,10,"Sweden"
376978.875960034,2009,10,"Sweden"
376978.875960034,2009,10,"Sweden"
376978.875960034,2009,11,"Sweden"
376978.875960034,2009,11,"Sweden"
376978.875960034,2009,12,"Sweden"
376978.875960034,2009,12,"Sweden"
376978.875960034,2008,1,"Sweden"
376978.875960034,2008,1,"Sweden"
376978.875960034,2008,2,"Sweden"
376978.875960034,2008,2,"Sweden"
376978.875960034,2008,3,"Sweden"
376978.875960034,2008,3,"Sweden"
376978.875960034,2008,3,"Sweden"
376978.875960034,2008,3,"Sweden"
376978.875960034,2008,4,"Sweden"
376978.875960034,2008,4,"Sweden"
376978.875960034,2008,4,"Sweden"
376978.875960034,2008,4,"Sweden"
376978.875960034,2008,4,"Sweden"
376978.875960034,2008,4,"Sweden"
Inf,2008,4,"Sweden"
Inf,2008,4,"Sweden"
697996.648866957,2008,4,"Sweden"
376978.875960034,2008,5,"Sweden"
376978.875960034,2008,5,"Sweden"
376978.875960034,2008,5,"Sweden"
376978.875960034,2008,5,"Sweden"
Inf,2008,5,"Sweden"
Inf,2008,5,"Sweden"
698016.142030252,2008,5,"Sweden"
698016.142030252,2008,5,"Sweden"
961823.329283689,2008,5,"Sweden"
961823.329283689,2008,5,"Sweden"
696461.66010318,2008,5,"Sweden"
696461.66010318,2008,5,"Sweden"
Inf,2008,6,"Sweden"
Inf,2008,6,"Sweden"
Inf,2008,6,"Sweden"
Inf,2008,6,"Sweden"
Inf,2008,6,"Sweden"
376978.875960034,2008,6,"Sweden"
376978.875960034,2008,6,"Sweden"
376978.875960034,2008,6,"Sweden"
376978.875960034,2008,6,"Sweden"
Inf,2008,6,"Sweden"
Inf,2008,6,"Sweden"
697971.362863783,2008,6,"Sweden"
697971.362863783,2008,6,"Sweden"
696437.667028778,2008,6,"Sweden"
696437.667028778,2008,6,"Sweden"
698038.008114589,2008,6,"Sweden"
696461.66010318,2008,7,"Sweden"
696461.66010318,2008,7,"Sweden"
Inf,2008,7,"Sweden"
Inf,2008,7,"Sweden"
376978.875960034,2008,7,"Sweden"
376978.875960034,2008,7,"Sweden"
376978.875960034,2008,7,"Sweden"
376978.875960034,2008,7,"Sweden"
376978.875960034,2008,7,"Sweden"
376978.875960034,2008,7,"Sweden"
697971.362863783,2008,8,"Sweden"
697971.362863783,2008,8,"Sweden"
Inf,2008,8,"Sweden"
Inf,2008,8,"Sweden"
696406.647566593,2008,8,"Sweden"
376978.875960034,2008,8,"Sweden"
376978.875960034,2008,8,"Sweden"
376978.875960034,2008,8,"Sweden"
376978.875960034,2008,8,"Sweden"
Inf,2008,9,"Sweden"
376978.875960034,2008,9,"Sweden"
376978.875960034,2008,9,"Sweden"
376978.875960034,2008,9,"Sweden"
376978.875960034,2008,9,"Sweden"
698014.475759333,2008,10,"Sweden"
698014.475759333,2008,10,"Sweden"
696506.319159701,2008,11,"Sweden"
696506.319159701,2008,11,"Sweden"
376978.875960034,2008,11,"Sweden"
376978.875960034,2007,1,"Sweden"
376978.875960034,2007,1,"Sweden"
376978.875960034,2007,3,"Sweden"
376978.875960034,2007,3,"Sweden"
376978.875960034,2007,3,"Sweden"
376978.875960034,2007,3,"Sweden"
376978.875960034,2007,4,"Sweden"
376978.875960034,2007,4,"Sweden"
376978.875960034,2007,4,"Sweden"
376978.875960034,2007,4,"Sweden"
376978.875960034,2007,4,"Sweden"
376978.875960034,2007,4,"Sweden"
376978.875960034,2007,4,"Sweden"
376978.875960034,2007,4,"Sweden"
696497.996265329,2007,4,"Sweden"
376978.875960034,2007,5,"Sweden"
376978.875960034,2007,5,"Sweden"
376978.875960034,2007,5,"Sweden"
376978.875960034,2007,5,"Sweden"
698094.513712134,2007,5,"Sweden"
696443.754728911,2007,5,"Sweden"
696443.754728911,2007,5,"Sweden"
376978.875960034,2007,6,"Sweden"
376978.875960034,2007,6,"Sweden"
376978.875960034,2007,6,"Sweden"
376978.875960034,2007,6,"Sweden"
697976.800791415,2007,6,"Sweden"
697976.800791415,2007,6,"Sweden"
696467.748057546,2007,6,"Sweden"
696467.748057546,2007,6,"Sweden"
697965.034665834,2007,6,"Sweden"
697965.034665834,2007,6,"Sweden"
376978.875960034,2007,7,"Sweden"
376978.875960034,2007,7,"Sweden"
376978.875960034,2007,7,"Sweden"
376978.875960034,2007,7,"Sweden"
376978.875960034,2007,7,"Sweden"
376978.875960034,2007,7,"Sweden"
696455.572213319,2007,7,"Sweden"
696455.572213319,2007,7,"Sweden"
Inf,2007,7,"Sweden"
Inf,2007,7,"Sweden"
376978.875960034,2007,8,"Sweden"
376978.875960034,2007,8,"Sweden"
376978.875960034,2007,8,"Sweden"
376978.875960034,2007,8,"Sweden"
697990.587851104,2007,8,"Sweden"
697990.587851104,2007,8,"Sweden"
376978.875960034,2007,9,"Sweden"
376978.875960034,2007,9,"Sweden"
376978.875960034,2007,9,"Sweden"
696519.60297287,2007,9,"Sweden"
696519.60297287,2007,9,"Sweden"
Inf,2007,9,"Sweden"
Inf,2007,9,"Sweden"
376978.875960034,2007,10,"Sweden"
376978.875960034,2007,10,"Sweden"
376978.875960034,2007,10,"Sweden"
376978.875960034,2007,10,"Sweden"
Inf,2007,10,"Sweden"
Inf,2007,10,"Sweden"
698005.356969122,2007,10,"Sweden"
698005.356969122,2007,10,"Sweden"
961875.167252142,2007,10,"Sweden"
695481.567971212,2007,10,"Sweden"
695481.567971212,2007,10,"Sweden"
376978.875960034,2007,11,"Sweden"
376978.875960034,2007,11,"Sweden"
Inf,2007,11,"Sweden"
Inf,2007,11,"Sweden"
697985.87017776,2007,11,"Sweden"
697985.87017776,2007,11,"Sweden"
961803.233294006,2007,11,"Sweden"
961803.233294006,2007,11,"Sweden"
376978.875960034,2007,12,"Sweden"
376978.875960034,2007,12,"Sweden"
Inf,2007,12,"Sweden"
Inf,2007,12,"Sweden"
961850.709779196,2007,12,"Sweden"
961850.709779196,2007,12,"Sweden"
697984.526899982,2006,5,"Sweden"
696487.117064187,2006,6,"Sweden"
698036.968810651,2006,6,"Sweden"
698036.968810651,2006,6,"Sweden"
696447.08668146,2006,6,"Sweden"
698015.517270494,2006,8,"Sweden"
698015.517270494,2006,8,"Sweden"
697947.832143683,2006,9,"Sweden"
697947.832143683,2006,9,"Sweden"
696460.364447299,2006,10,"Sweden"
696460.364447299,2006,10,"Sweden"
698032.303211614,2006,10,"Sweden"
698032.303211614,2006,10,"Sweden"
697988.923721358,2005,5,"Sweden"
697988.923721358,2005,5,"Sweden"
696462.185412037,2005,5,"Sweden"
696462.185412037,2005,5,"Sweden"
697990.540219259,2005,6,"Sweden"
697990.540219259,2005,6,"Sweden"
696452.608045012,2005,8,"Sweden"
696452.608045012,2005,8,"Sweden"
697969.699290912,2005,8,"Sweden"
697969.699290912,2005,8,"Sweden"
696472.540971756,2005,9,"Sweden"
696472.540971756,2005,9,"Sweden"
698099.644847526,2004,5,"Sweden"
696456.097788953,2004,6,"Sweden"
696402.386263631,2004,8,"Sweden"
696402.386263631,2004,8,"Sweden"
698002.353411597,2004,9,"Sweden"
698002.353411597,2004,9,"Sweden"
376978.875960034,2003,5,"Sweden"
376978.875960034,2003,5,"Sweden"
696463.125140444,2003,5,"Sweden"
376978.875960034,2003,7,"Sweden"
376978.875960034,2003,7,"Sweden"
696475.300021298,2003,8,"Sweden"
376978.875960034,2003,9,"Sweden"
376978.875960034,2003,9,"Sweden"
376978.875960034,2003,9,"Sweden"
698014.475759333,2003,9,"Sweden"
376978.875960034,2003,10,"Sweden"
376978.875960034,2003,10,"Sweden"
376978.875960034,2003,10,"Sweden"
376978.875960034,2003,10,"Sweden"
376978.875960034,2002,4,"Sweden"
376978.875960034,2002,4,"Sweden"
376978.875960034,2002,4,"Sweden"
376978.875960034,2002,5,"Sweden"
697969.77389903,2002,5,"Sweden"
697969.77389903,2002,5,"Sweden"
696538.805494777,2002,6,"Sweden"
696538.805494777,2002,6,"Sweden"
696536.041468139,2002,8,"Sweden"
697960.996762098,2002,8,"Sweden"
697960.996762098,2002,8,"Sweden"
376978.875960034,2002,9,"Sweden"
376978.875960034,2002,9,"Sweden"
696426.376790872,2002,9,"Sweden"
696426.376790872,2002,9,"Sweden"
376978.875960034,2001,6,"Sweden"
376978.875960034,2001,6,"Sweden"
Inf,2001,7,"Sweden"
Inf,2001,7,"Sweden"
Inf,2001,8,"Sweden"
Inf,2001,8,"Sweden"
376978.875960034,2001,9,"Sweden"
376978.875960034,2001,9,"Sweden"
376978.875960034,2001,9,"Sweden"
376978.875960034,2001,9,"Sweden"
696443.754728911,2001,9,"Sweden"
376978.875960034,2001,10,"Sweden"
376978.875960034,2000,4,"Sweden"
376978.875960034,2000,4,"Sweden"
376978.875960034,2000,4,"Sweden"
376978.875960034,2000,5,"Sweden"
376978.875960034,2000,5,"Sweden"
376978.875960034,2000,6,"Sweden"
Inf,2000,6,"Sweden"
Inf,2000,6,"Sweden"
Inf,2000,7,"Sweden"
Inf,2000,7,"Sweden"
376978.875960034,2000,8,"Sweden"
376978.875960034,2000,8,"Sweden"
Inf,2000,8,"Sweden"
Inf,2000,8,"Sweden"
Inf,2000,8,"Sweden"
Inf,2000,8,"Sweden"
Inf,2000,10,"Sweden"
Inf,2000,10,"Sweden"
696042.053879286,1999,1,"Sweden"
696042.053879286,1999,2,"Sweden"
376978.875960034,1999,6,"Sweden"
376978.875960034,1999,6,"Sweden"
696042.053879286,1999,6,"Sweden"
696042.053879286,1999,6,"Sweden"
696042.053879286,1999,6,"Sweden"
696042.053879286,1999,6,"Sweden"
376978.875960034,1999,7,"Sweden"
376978.875960034,1999,7,"Sweden"
Inf,1999,7,"Sweden"
Inf,1999,7,"Sweden"
696042.053879286,1999,8,"Sweden"
696042.053879286,1999,8,"Sweden"
696423.862155139,1999,8,"Sweden"
696423.862155139,1999,8,"Sweden"
696423.862155139,1999,9,"Sweden"
696423.862155139,1999,9,"Sweden"
696000.784129656,1999,9,"Sweden"
696000.784129656,1999,9,"Sweden"
696423.862155139,1999,10,"Sweden"
696423.862155139,1999,10,"Sweden"
696423.862155139,1999,10,"Sweden"
696423.862155139,1999,10,"Sweden"
376978.875960034,1998,4,"Sweden"
376978.875960034,1998,4,"Sweden"
376978.875960034,1998,4,"Sweden"
376978.875960034,1998,4,"Sweden"
376978.875960034,1998,5,"Sweden"
696042.053879286,1998,6,"Sweden"
696042.053879286,1998,6,"Sweden"
696042.053879286,1998,6,"Sweden"
696042.053879286,1998,8,"Sweden"
696042.053879286,1998,8,"Sweden"
696042.053879286,1998,8,"Sweden"
696042.053879286,1998,8,"Sweden"
376978.875960034,1998,9,"Sweden"
376978.875960034,1998,9,"Sweden"
696042.053879286,1998,9,"Sweden"
696042.053879286,1998,9,"Sweden"
696042.053879286,1998,9,"Sweden"
696042.053879286,1998,9,"Sweden"
696042.053879286,1998,9,"Sweden"
376978.875960034,1998,10,"Sweden"
696042.053879286,1998,10,"Sweden"
696042.053879286,1998,10,"Sweden"
376978.875960034,1997,4,"Sweden"
376978.875960034,1997,4,"Sweden"
376978.875960034,1997,4,"Sweden"
376978.875960034,1997,4,"Sweden"
696042.053879286,1997,5,"Sweden"
376978.875960034,1997,6,"Sweden"
376978.875960034,1997,6,"Sweden"
696042.053879286,1997,6,"Sweden"
696042.053879286,1997,6,"Sweden"
696042.053879286,1997,7,"Sweden"
696042.053879286,1997,7,"Sweden"
696042.053879286,1997,8,"Sweden"
696042.053879286,1997,8,"Sweden"
696042.053879286,1997,9,"Sweden"
696042.053879286,1997,9,"Sweden"
696042.053879286,1997,10,"Sweden"
696042.053879286,1997,10,"Sweden"
696042.053879286,1997,10,"Sweden"
696042.053879286,1997,10,"Sweden"
376978.875960034,1996,5,"Sweden"
376978.875960034,1996,5,"Sweden"
376978.875960034,1996,7,"Sweden"
376978.875960034,1996,7,"Sweden"
376978.875960034,1995,6,"Sweden"
376978.875960034,1995,6,"Sweden"
376978.875960034,1995,10,"Sweden"
376978.875960034,1995,10,"Sweden"
Inf,NA,NA,"unknown or invalid"
Inf,NA,NA,"unknown or invalid"
Inf,NA,NA,"unknown or invalid"
Inf,NA,NA,"unknown or invalid"
Inf,NA,NA,"unknown or invalid"
Inf,NA,NA,"unknown or invalid"
Inf,NA,NA,"unknown or invalid"
Inf,NA,NA,"unknown or invalid"
Inf,NA,NA,"unknown or invalid"
Inf,NA,NA,"unknown or invalid"
Inf,1972,7,"Belgium"
Inf,1972,7,"Belgium"
Inf,1972,7,"Belgium"
Inf,1972,8,"Belgium"
Inf,1972,8,"Belgium"
Inf,1972,8,"Belgium"
Inf,1972,8,"Belgium"
Inf,1972,8,"Belgium"
Inf,1972,NA,"Belgium"
Inf,1971,6,"Belgium"
Inf,1971,7,"Belgium"
Inf,1971,7,"Belgium"
Inf,1971,7,"Belgium"
Inf,1971,7,"Belgium"
Inf,1971,8,"Belgium"
Inf,1971,NA,"Belgium"
Inf,1971,NA,"Belgium"
Inf,1971,NA,"Belgium"
Inf,1965,1,"Belgium"
Inf,1965,2,"Belgium"
Inf,1965,3,"Belgium"
Inf,1965,4,"Belgium"
Inf,1965,4,"Belgium"
Inf,1965,4,"Belgium"
Inf,1965,5,"Belgium"
Inf,1965,5,"Belgium"
Inf,1965,5,"Belgium"
Inf,1965,6,"Belgium"
Inf,1965,6,"Belgium"
Inf,1965,6,"Belgium"
Inf,1965,7,"Belgium"
Inf,1965,7,"Belgium"
Inf,1965,7,"Belgium"
Inf,1965,8,"Belgium"
Inf,1965,8,"Belgium"
Inf,1965,8,"Belgium"
Inf,1965,9,"Belgium"
Inf,1965,9,"Belgium"
Inf,1965,9,"Belgium"
Inf,1965,10,"Belgium"
Inf,1965,10,"Belgium"
Inf,1965,10,"Belgium"
Inf,1965,NA,"Belgium"
Inf,1965,NA,"Belgium"
Inf,1962,NA,"Belgium"
Inf,1961,NA,"Belgium"
Inf,1960,NA,"Belgium"
Inf,NA,NA,"Belgium"
Inf,NA,NA,"Belgium"
Inf,NA,NA,"Belgium"
Inf,NA,NA,"Netherlands"
