"latitude","longitude","year","month","country","basisOfRecord","latitude_moved","longitude_moved","dist_moved","BelgiumCoast_seaway","BelgiumCoast_geodesic","Limfjord_seaway","Limfjord_geodesic"
52.7,4.6,2021,5,"Netherlands","HUMAN_OBSERVATION",52.75,4.55000000000001,6.51,183,183,577,545
53.05,4.85,2019,4,"Netherlands","HUMAN_OBSERVATION",53.05,4.95000000000001,6.69,226,226,535,503
45.89567,-1.087,2018,6,"France","HUMAN_OBSERVATION",45.85,-1.14999999999999,7.05,1089,689,1805,1417
45.89511,-1.08813,2018,6,"France","HUMAN_OBSERVATION",45.85,-1.14999999999999,6.94,1089,689,1805,1417
45.89617,-1.0881,2018,6,"France","HUMAN_OBSERVATION",45.85,-1.14999999999999,7.03,1089,689,1805,1417
45.91552,-1.21459,2018,8,"France","HUMAN_OBSERVATION",45.95,-1.14999999999999,6.3,1079,679,1795,1407
45.9433,-1.21764,2018,8,"France","HUMAN_OBSERVATION",45.95,-1.14999999999999,5.29,1079,679,1795,1407
45.9437,-1.21882,2018,8,"France","HUMAN_OBSERVATION",45.95,-1.14999999999999,5.37,1079,679,1795,1407
45.9437,-1.21882,2018,8,"France","HUMAN_OBSERVATION",45.95,-1.14999999999999,5.37,1079,679,1795,1407
45.9433,-1.21764,2018,8,"France","HUMAN_OBSERVATION",45.95,-1.14999999999999,5.29,1079,679,1795,1407
45.91552,-1.21459,2018,8,"France","HUMAN_OBSERVATION",45.95,-1.14999999999999,6.3,1079,679,1795,1407
45.9433,-1.21764,2018,8,"France","HUMAN_OBSERVATION",45.95,-1.14999999999999,5.29,1079,679,1795,1407
45.91552,-1.21459,2018,8,"France","HUMAN_OBSERVATION",45.95,-1.14999999999999,6.3,1079,679,1795,1407
45.9433,-1.21764,2018,8,"France","HUMAN_OBSERVATION",45.95,-1.14999999999999,5.29,1079,679,1795,1407
45.97876,-1.08817,2018,10,"France","HUMAN_OBSERVATION",45.95,-1.14999999999999,5.76,1079,679,1795,1407
46.04903,-1.068,2018,10,"France","HUMAN_OBSERVATION",46.05,-1.14999999999999,6.34,1071,669,1787,1397
46.26954,-1.19989,2018,10,"France","HUMAN_OBSERVATION",NA,NA,NA,1059,649,1775,1377
45.97876,-1.08817,2017,4,"France","HUMAN_OBSERVATION",45.95,-1.14999999999999,5.76,1079,679,1795,1407
45.97932,-1.08867,2017,4,"France","HUMAN_OBSERVATION",45.95,-1.14999999999999,5.76,1079,679,1795,1407
45.97934,-1.08929,2017,4,"France","HUMAN_OBSERVATION",45.95,-1.14999999999999,5.72,1079,679,1795,1407
46.04958,-1.06885,2017,6,"France","HUMAN_OBSERVATION",46.05,-1.14999999999999,6.27,1071,669,1787,1397
46.04958,-1.06885,2017,6,"France","HUMAN_OBSERVATION",46.05,-1.14999999999999,6.27,1071,669,1787,1397
45.89617,-1.0881,2017,6,"France","HUMAN_OBSERVATION",45.85,-1.14999999999999,7.03,1089,689,1805,1417
46.26925,-1.20223,2017,10,"France","HUMAN_OBSERVATION",NA,NA,NA,1051,649,1767,1377
46.22311,-1.50338,2017,10,"France","HUMAN_OBSERVATION",46.25,-1.44999999999999,5.08,1038,660,1754,1387
50.97083,1.84317,2016,6,"France","HUMAN_OBSERVATION",51.05,1.85000000000001,8.83,102,97,835,804
50.97083,1.84317,2016,6,"France","HUMAN_OBSERVATION",51.05,1.85000000000001,8.83,102,97,835,804
45.9433,-1.21764,2016,10,"France","HUMAN_OBSERVATION",45.95,-1.14999999999999,5.29,1079,679,1795,1407
46.22311,-1.50338,2016,10,"France","HUMAN_OBSERVATION",46.25,-1.44999999999999,5.08,1038,660,1754,1387
46.22269,-1.50453,2016,10,"France","HUMAN_OBSERVATION",46.25,-1.44999999999999,5.18,1038,660,1754,1387
46.22171,-1.50226,2016,10,"France","HUMAN_OBSERVATION",46.25,-1.44999999999999,5.11,1038,660,1754,1387
45.9433,-1.21764,2016,10,"France","HUMAN_OBSERVATION",45.95,-1.14999999999999,5.29,1079,679,1795,1407
46.26925,-1.20223,2016,11,"France","HUMAN_OBSERVATION",NA,NA,NA,1051,649,1767,1377
46.26925,-1.20223,2016,11,"France","HUMAN_OBSERVATION",NA,NA,NA,1051,649,1767,1377
46.25553,-1.14143,2016,11,"France","HUMAN_OBSERVATION",NA,NA,NA,1059,648,1775,1376
50.96898,1.84675,2015,4,"France","HUMAN_OBSERVATION",51.05,1.85000000000001,9.02,102,97,835,804
46.95997,-2.17112,2015,4,"France","HUMAN_OBSERVATION",46.95,-2.24999999999999,6.1,945,628,1660,1349
50.97965,1.84638,2015,4,"France","HUMAN_OBSERVATION",51.05,1.85000000000001,7.84,102,97,835,804
46.95828,-2.16945,2015,4,"France","HUMAN_OBSERVATION",46.95,-2.24999999999999,6.19,945,628,1660,1349
50.46467,1.5486,2015,4,"France","HUMAN_OBSERVATION",NA,NA,NA,176,150,909,870
50.46467,1.5486,2015,4,"France","HUMAN_OBSERVATION",NA,NA,NA,176,150,909,870
46.95997,-2.17112,2015,4,"France","HUMAN_OBSERVATION",46.95,-2.24999999999999,6.1,945,628,1660,1349
46.95828,-2.16945,2015,4,"France","HUMAN_OBSERVATION",46.95,-2.24999999999999,6.19,945,628,1660,1349
50.97965,1.84638,2015,4,"France","HUMAN_OBSERVATION",51.05,1.85000000000001,7.84,102,97,835,804
46.22171,-1.50226,2015,10,"France","HUMAN_OBSERVATION",46.25,-1.44999999999999,5.11,1038,660,1754,1387
46.25574,-1.14564,2015,10,"France","HUMAN_OBSERVATION",NA,NA,NA,1059,648,1775,1376
45.9433,-1.21764,2015,10,"France","HUMAN_OBSERVATION",45.95,-1.14999999999999,5.29,1079,679,1795,1407
45.91552,-1.21459,2015,10,"France","HUMAN_OBSERVATION",45.95,-1.14999999999999,6.3,1079,679,1795,1407
46.22311,-1.50338,2015,10,"France","HUMAN_OBSERVATION",46.25,-1.44999999999999,5.08,1038,660,1754,1387
45.9437,-1.21882,2015,10,"France","HUMAN_OBSERVATION",45.95,-1.14999999999999,5.37,1079,679,1795,1407
46.2194,-1.4997,2015,10,"France","HUMAN_OBSERVATION",NA,NA,NA,1038,665,1754,1392
46.04958,-1.06885,2015,10,"France","HUMAN_OBSERVATION",46.05,-1.14999999999999,6.27,1071,669,1787,1397
45.9437,-1.21882,2015,10,"France","HUMAN_OBSERVATION",45.95,-1.14999999999999,5.37,1079,679,1795,1407
46.2211,-1.50137,2015,10,"France","HUMAN_OBSERVATION",46.25,-1.44999999999999,5.1,1038,660,1754,1387
46.2211,-1.50137,2015,10,"France","HUMAN_OBSERVATION",46.25,-1.44999999999999,5.1,1038,660,1754,1387
46.2211,-1.50137,2015,10,"France","HUMAN_OBSERVATION",46.25,-1.44999999999999,5.1,1038,660,1754,1387
46.2211,-1.50137,2015,10,"France","HUMAN_OBSERVATION",46.25,-1.44999999999999,5.1,1038,660,1754,1387
46.22268,-1.50451,2015,10,"France","HUMAN_OBSERVATION",46.25,-1.44999999999999,5.18,1038,660,1754,1387
46.22268,-1.50451,2015,10,"France","HUMAN_OBSERVATION",46.25,-1.44999999999999,5.18,1038,660,1754,1387
46.25842,-1.15526,2015,10,"France","HUMAN_OBSERVATION",NA,NA,NA,1059,648,1775,1376
46.22019,-1.50032,2015,10,"France","HUMAN_OBSERVATION",46.25,-1.44999999999999,5.1,1038,660,1754,1387
45.94278,-1.21889,2015,10,"France","HUMAN_OBSERVATION",45.95,-1.14999999999999,5.39,1079,679,1795,1407
45.94278,-1.21889,2015,10,"France","HUMAN_OBSERVATION",45.95,-1.14999999999999,5.39,1079,679,1795,1407
45.94278,-1.21889,2015,10,"France","HUMAN_OBSERVATION",45.95,-1.14999999999999,5.39,1079,679,1795,1407
45.94278,-1.21889,2015,10,"France","HUMAN_OBSERVATION",45.95,-1.14999999999999,5.39,1079,679,1795,1407
45.94278,-1.21889,2015,10,"France","HUMAN_OBSERVATION",45.95,-1.14999999999999,5.39,1079,679,1795,1407
45.94278,-1.21889,2015,10,"France","HUMAN_OBSERVATION",45.95,-1.14999999999999,5.39,1079,679,1795,1407
45.91488,-1.21571,2015,10,"France","HUMAN_OBSERVATION",45.95,-1.14999999999999,6.42,1079,679,1795,1407
45.91488,-1.21571,2015,10,"France","HUMAN_OBSERVATION",45.95,-1.14999999999999,6.42,1079,679,1795,1407
46.04881,-1.06913,2015,10,"France","HUMAN_OBSERVATION",46.05,-1.14999999999999,6.25,1071,669,1787,1397
46.03225,-1.05998,2015,10,"France","HUMAN_OBSERVATION",46.05,-1.14999999999999,7.23,1071,669,1787,1397
45.94278,-1.21889,2015,10,"France","HUMAN_OBSERVATION",45.95,-1.14999999999999,5.39,1079,679,1795,1407
46.03295,-1.05949,2015,10,"France","HUMAN_OBSERVATION",46.05,-1.14999999999999,7.25,1071,669,1787,1397
45.94278,-1.21889,2015,10,"France","HUMAN_OBSERVATION",45.95,-1.14999999999999,5.39,1079,679,1795,1407
46.2211,-1.50137,2015,10,"France","HUMAN_OBSERVATION",46.25,-1.44999999999999,5.1,1038,660,1754,1387
45.91552,-1.21459,2015,10,"France","HUMAN_OBSERVATION",45.95,-1.14999999999999,6.3,1079,679,1795,1407
46.22311,-1.50338,2015,10,"France","HUMAN_OBSERVATION",46.25,-1.44999999999999,5.08,1038,660,1754,1387
45.94278,-1.21889,2015,10,"France","HUMAN_OBSERVATION",45.95,-1.14999999999999,5.39,1079,679,1795,1407
46.2211,-1.50137,2015,10,"France","HUMAN_OBSERVATION",46.25,-1.44999999999999,5.1,1038,660,1754,1387
46.22196,-1.50121,2015,10,"France","HUMAN_OBSERVATION",46.25,-1.44999999999999,5.03,1038,660,1754,1387
49.33383,-0.0231,2014,4,"France","HUMAN_OBSERVATION",NA,NA,NA,336,318,1069,1037
49.40937,0.07902,2014,9,"France","HUMAN_OBSERVATION",NA,NA,NA,323,307,1055,1026
46.2556,-1.14604,2014,10,"France","HUMAN_OBSERVATION",NA,NA,NA,1059,648,1775,1376
46.25566,-1.14133,2014,10,"France","HUMAN_OBSERVATION",NA,NA,NA,1059,648,1775,1376
45.89617,-1.0881,2014,10,"France","HUMAN_OBSERVATION",45.85,-1.14999999999999,7.03,1089,689,1805,1417
46.2556,-1.14604,2014,10,"France","HUMAN_OBSERVATION",NA,NA,NA,1059,648,1775,1376
45.89617,-1.0881,2014,10,"France","HUMAN_OBSERVATION",45.85,-1.14999999999999,7.03,1089,689,1805,1417
46.25842,-1.15526,2014,10,"France","HUMAN_OBSERVATION",NA,NA,NA,1059,648,1775,1376
46.25842,-1.15526,2014,10,"France","HUMAN_OBSERVATION",NA,NA,NA,1059,648,1775,1376
46.25842,-1.15526,2014,10,"France","HUMAN_OBSERVATION",NA,NA,NA,1059,648,1775,1376
46.25842,-1.15526,2014,10,"France","HUMAN_OBSERVATION",NA,NA,NA,1059,648,1775,1376
46.25842,-1.15526,2014,10,"France","HUMAN_OBSERVATION",NA,NA,NA,1059,648,1775,1376
46.25842,-1.15526,2014,10,"France","HUMAN_OBSERVATION",NA,NA,NA,1059,648,1775,1376
46.25842,-1.15526,2014,10,"France","HUMAN_OBSERVATION",NA,NA,NA,1059,648,1775,1376
45.94278,-1.21889,2014,10,"France","HUMAN_OBSERVATION",45.95,-1.14999999999999,5.39,1079,679,1795,1407
45.91488,-1.21571,2014,10,"France","HUMAN_OBSERVATION",45.95,-1.14999999999999,6.42,1079,679,1795,1407
45.91488,-1.21571,2014,10,"France","HUMAN_OBSERVATION",45.95,-1.14999999999999,6.42,1079,679,1795,1407
45.89567,-1.087,2014,10,"France","HUMAN_OBSERVATION",45.85,-1.14999999999999,7.05,1089,689,1805,1417
45.89567,-1.087,2014,10,"France","HUMAN_OBSERVATION",45.85,-1.14999999999999,7.05,1089,689,1805,1417
45.89567,-1.087,2014,10,"France","HUMAN_OBSERVATION",45.85,-1.14999999999999,7.05,1089,689,1805,1417
46.25523,-1.14111,2014,10,"France","HUMAN_OBSERVATION",NA,NA,NA,1059,648,1775,1376
45.89617,-1.0881,2014,10,"France","HUMAN_OBSERVATION",45.85,-1.14999999999999,7.03,1089,689,1805,1417
46.2556,-1.14604,2014,10,"France","HUMAN_OBSERVATION",NA,NA,NA,1059,648,1775,1376
45.91552,-1.21459,2014,10,"France","HUMAN_OBSERVATION",45.95,-1.14999999999999,6.3,1079,679,1795,1407
45.91552,-1.21459,2014,10,"France","HUMAN_OBSERVATION",45.95,-1.14999999999999,6.3,1079,679,1795,1407
46.26925,-1.20223,2014,10,"France","HUMAN_OBSERVATION",NA,NA,NA,1051,649,1767,1377
46.26954,-1.19989,2014,10,"France","HUMAN_OBSERVATION",NA,NA,NA,1059,649,1775,1377
45.9437,-1.21882,2014,10,"France","HUMAN_OBSERVATION",45.95,-1.14999999999999,5.37,1079,679,1795,1407
46.04903,-1.068,2014,11,"France","HUMAN_OBSERVATION",46.05,-1.14999999999999,6.34,1071,669,1787,1397
46.03295,-1.05949,2014,11,"France","HUMAN_OBSERVATION",46.05,-1.14999999999999,7.25,1071,669,1787,1397
46.03295,-1.05949,2014,11,"France","HUMAN_OBSERVATION",46.05,-1.14999999999999,7.25,1071,669,1787,1397
46.04881,-1.06913,2014,11,"France","HUMAN_OBSERVATION",46.05,-1.14999999999999,6.25,1071,669,1787,1397
46.04881,-1.06913,2014,11,"France","HUMAN_OBSERVATION",46.05,-1.14999999999999,6.25,1071,669,1787,1397
46.03225,-1.05998,2014,11,"France","HUMAN_OBSERVATION",46.05,-1.14999999999999,7.23,1071,669,1787,1397
46.03225,-1.05998,2014,11,"France","HUMAN_OBSERVATION",46.05,-1.14999999999999,7.23,1071,669,1787,1397
46.04903,-1.068,2014,11,"France","HUMAN_OBSERVATION",46.05,-1.14999999999999,6.34,1071,669,1787,1397
46.28264,-1.19368,2013,10,"France","HUMAN_OBSERVATION",NA,NA,NA,1059,647,1775,1375
46.28111,-1.17429,2013,10,"France","HUMAN_OBSERVATION",NA,NA,NA,1059,647,1775,1375
46.28264,-1.19368,2013,10,"France","HUMAN_OBSERVATION",NA,NA,NA,1059,647,1775,1375
46.28111,-1.17429,2013,10,"France","HUMAN_OBSERVATION",NA,NA,NA,1059,647,1775,1375
46.2214,-1.50167,2013,10,"France","HUMAN_OBSERVATION",46.25,-1.44999999999999,5.1,1038,660,1754,1387
46.28264,-1.19368,2013,10,"France","HUMAN_OBSERVATION",NA,NA,NA,1059,647,1775,1375
46.2894,-1.18414,2013,10,"France","HUMAN_OBSERVATION",NA,NA,NA,1059,646,1775,1374
46.2894,-1.18414,2013,10,"France","HUMAN_OBSERVATION",NA,NA,NA,1059,646,1775,1374
46.2894,-1.18414,2013,10,"France","HUMAN_OBSERVATION",NA,NA,NA,1059,646,1775,1374
46.2894,-1.18414,2013,10,"France","HUMAN_OBSERVATION",NA,NA,NA,1059,646,1775,1374
46.2894,-1.18414,2013,10,"France","HUMAN_OBSERVATION",NA,NA,NA,1059,646,1775,1374
46.2894,-1.18414,2013,10,"France","HUMAN_OBSERVATION",NA,NA,NA,1059,646,1775,1374
46.2894,-1.18414,2013,10,"France","HUMAN_OBSERVATION",NA,NA,NA,1059,646,1775,1374
46.2211,-1.50137,2013,10,"France","HUMAN_OBSERVATION",46.25,-1.44999999999999,5.1,1038,660,1754,1387
46.2894,-1.18414,2013,10,"France","HUMAN_OBSERVATION",NA,NA,NA,1059,646,1775,1374
46.2894,-1.18414,2013,10,"France","HUMAN_OBSERVATION",NA,NA,NA,1059,646,1775,1374
46.28264,-1.19368,2013,10,"France","HUMAN_OBSERVATION",NA,NA,NA,1059,647,1775,1375
46.28264,-1.19368,2013,10,"France","HUMAN_OBSERVATION",NA,NA,NA,1059,647,1775,1375
46.28264,-1.19368,2013,10,"France","HUMAN_OBSERVATION",NA,NA,NA,1059,647,1775,1375
46.28264,-1.19368,2013,10,"France","HUMAN_OBSERVATION",NA,NA,NA,1059,647,1775,1375
52.7,4.6,2012,6,"Netherlands","HUMAN_OBSERVATION",52.75,4.55000000000001,6.51,183,183,577,545
53,4.75,2011,9,"Netherlands","HUMAN_OBSERVATION",53.05,4.65000000000001,8.71,216,215,543,513
53,4.75,2011,9,"Netherlands","HUMAN_OBSERVATION",53.05,4.65000000000001,8.71,216,215,543,513
49.40865,0.07708,2011,10,"France","HUMAN_OBSERVATION",NA,NA,NA,323,307,1055,1026
51.370548,3.2273,2009,9,"Belgium","HUMAN_OBSERVATION",51.35,3.15000000000001,5.84,0,0,760,728
51.216415,2.854337,2009,10,"Belgium","HUMAN_OBSERVATION",NA,NA,NA,25,25,778,751
51.225616,2.864098,2009,10,"Belgium","HUMAN_OBSERVATION",NA,NA,NA,25,24,778,750
51.272717,2.994,2009,10,"Belgium","HUMAN_OBSERVATION",51.35,2.95000000000001,9.13,14,14,765,735
51.315128,3.087383,2009,10,"Belgium","HUMAN_OBSERVATION",NA,NA,NA,7,6,762,734
51.222366,2.853425,2009,10,"Belgium","HUMAN_OBSERVATION",NA,NA,NA,25,25,778,751
51.1688,2.727728,2009,10,"Belgium","HUMAN_OBSERVATION",51.15,2.65000000000001,5.82,43,41,795,765
51.169601,2.732928,2009,10,"Belgium","HUMAN_OBSERVATION",51.15,2.65000000000001,6.19,43,41,795,765
45.89567,-1.087,2009,11,"France","HUMAN_OBSERVATION",45.85,-1.14999999999999,7.05,1089,689,1805,1417
45.94278,-1.21889,2009,11,"France","HUMAN_OBSERVATION",45.95,-1.14999999999999,5.39,1079,679,1795,1407
51.163767,2.724212,2008,9,"Belgium","HUMAN_OBSERVATION",51.15,2.65000000000001,5.4,43,41,795,765
51.165,2.728458,2008,9,"Belgium","HUMAN_OBSERVATION",51.15,2.65000000000001,5.73,43,41,795,765
51.168467,2.735807,2008,9,"Belgium","HUMAN_OBSERVATION",51.15,2.65000000000001,6.33,43,41,795,765
51.16805,2.727523,2008,9,"Belgium","HUMAN_OBSERVATION",51.15,2.65000000000001,5.77,43,41,795,765
51.222283,2.849148,2008,9,"Belgium","HUMAN_OBSERVATION",NA,NA,NA,25,25,778,751
51.223467,2.860585,2008,9,"Belgium","HUMAN_OBSERVATION",NA,NA,NA,25,25,778,750
51.224267,2.861742,2008,9,"Belgium","HUMAN_OBSERVATION",NA,NA,NA,25,24,778,750
51.112533,2.571983,2008,10,"Belgium","HUMAN_OBSERVATION",NA,NA,NA,50,48,798,771
51.257817,2.951317,2008,10,"Belgium","HUMAN_OBSERVATION",51.25,2.85000000000001,7.11,25,24,778,748
51.256733,2.946917,2008,10,"Belgium","HUMAN_OBSERVATION",51.25,2.85000000000001,6.79,25,24,778,748
51.373267,3.32815,2008,10,"Belgium","HUMAN_OBSERVATION",51.45,3.35000000000001,8.68,18,18,744,711
51.280483,3.003467,2008,10,"Belgium","HUMAN_OBSERVATION",51.35,3.05000000000001,8.39,7,7,762,731
51.709292,4.085506,2007,4,"Netherlands","HUMAN_OBSERVATION",NA,NA,NA,80,76,694,662
38.09,-0.65,2007,4,"Spain","HUMAN_OBSERVATION",38.05,-0.54999999999999,9.83,2929,1506,3645,2212
38.09,-0.61,2007,4,"Spain","HUMAN_OBSERVATION",38.05,-0.54999999999999,6.89,2929,1506,3645,2212
51.22106,2.861649,2007,10,"Belgium","HUMAN_OBSERVATION",NA,NA,NA,25,25,778,750
51.219558,2.864315,2007,10,"Belgium","HUMAN_OBSERVATION",NA,NA,NA,25,25,778,751
51.316787,3.094337,2007,10,"Belgium","HUMAN_OBSERVATION",NA,NA,NA,7,5,762,733
51.371421,3.231343,2007,10,"Belgium","HUMAN_OBSERVATION",51.35,3.15000000000001,6.14,0,0,760,728
51.372859,3.233958,2007,10,"Belgium","HUMAN_OBSERVATION",51.35,3.15000000000001,6.37,0,0,760,728
51.370028,3.232748,2007,10,"Belgium","HUMAN_OBSERVATION",51.35,3.15000000000001,6.17,0,0,760,728
51.371397,3.238962,2007,10,"Belgium","HUMAN_OBSERVATION",51.35,3.15000000000001,6.63,0,0,760,728
51.373764,3.333935,2007,10,"Belgium","HUMAN_OBSERVATION",51.45,3.35000000000001,8.56,18,18,744,711
51.372929,3.344659,2007,10,"Belgium","HUMAN_OBSERVATION",51.45,3.35000000000001,8.59,18,18,744,711
51.373091,3.347849,2007,10,"Belgium","HUMAN_OBSERVATION",51.45,3.35000000000001,8.56,18,18,744,711
51.375464,3.340196,2007,10,"Belgium","HUMAN_OBSERVATION",51.45,3.35000000000001,8.33,18,18,744,711
51.372797,3.343012,2007,10,"Belgium","HUMAN_OBSERVATION",51.45,3.35000000000001,8.61,18,18,744,711
51.118103,2.595261,2007,10,"Belgium","HUMAN_OBSERVATION",NA,NA,NA,50,47,798,770
51.113789,2.594814,2007,10,"Belgium","HUMAN_OBSERVATION",NA,NA,NA,50,47,798,770
39.04,-0.18,2006,5,"Spain","HUMAN_OBSERVATION",NA,NA,NA,3083,1392,3799,2098
39.42,-0.3,2006,7,"Spain","HUMAN_OBSERVATION",NA,NA,NA,3124,1353,3840,2060
39.42,-0.26,2006,7,"Spain","HUMAN_OBSERVATION",NA,NA,NA,3124,1352,3840,2059
38.57,-0.03,2006,7,"Spain","HUMAN_OBSERVATION",NA,NA,NA,3000,1442,3716,2145
52.4,4.7,2003,6,"Netherlands","HUMAN_OBSERVATION",52.45,4.55000000000001,11.6,158,156,610,574
52.4,4.7,2003,6,"Netherlands","HUMAN_OBSERVATION",52.45,4.55000000000001,11.6,158,156,610,574
52.45,4.6,1993,8,"Netherlands","HUMAN_OBSERVATION",52.45,4.55000000000001,3.39,158,156,610,574
52.45,4.6,1993,8,"Netherlands","HUMAN_OBSERVATION",52.45,4.55000000000001,3.39,158,156,610,574
52.45,4.6,1993,8,"Netherlands","HUMAN_OBSERVATION",52.45,4.55000000000001,3.39,158,156,610,574
52.35,4.9,1993,9,"Netherlands","HUMAN_OBSERVATION",52.45,4.55000000000001,26.25,158,156,610,574
52.35,4.9,1993,9,"Netherlands","HUMAN_OBSERVATION",52.45,4.55000000000001,26.25,158,156,610,574
52.35,4.9,1993,9,"Netherlands","HUMAN_OBSERVATION",52.45,4.55000000000001,26.25,158,156,610,574
52.35,4.85,1993,9,"Netherlands","HUMAN_OBSERVATION",52.45,4.55000000000001,23.22,158,156,610,574
52.35,4.9,1993,9,"Netherlands","HUMAN_OBSERVATION",52.45,4.55000000000001,26.25,158,156,610,574
52.35,4.9,1993,9,"Netherlands","HUMAN_OBSERVATION",52.45,4.55000000000001,26.25,158,156,610,574
58.3598,11.4107,2024,9,"Sweden","MATERIAL_SAMPLE",58.25,11.45,12.44,955,934,211,208
58.006731,11.698691,2022,6,"Sweden","MATERIAL_SAMPLE",NA,NA,NA,958,922,214,201
58.006731,11.698691,2022,6,"Sweden","MATERIAL_SAMPLE",NA,NA,NA,958,922,214,201
58.006731,11.698691,2022,6,"Sweden","MATERIAL_SAMPLE",NA,NA,NA,958,922,214,201
58.005094,11.70221,2022,6,"Sweden","MATERIAL_SAMPLE",NA,NA,NA,964,922,220,201
58.005094,11.70221,2022,6,"Sweden","MATERIAL_SAMPLE",NA,NA,NA,964,922,220,201
58.005094,11.70221,2022,6,"Sweden","MATERIAL_SAMPLE",NA,NA,NA,964,922,220,201
58.004048,11.702511,2022,6,"Sweden","MATERIAL_SAMPLE",NA,NA,NA,964,922,220,201
58.005253,11.702511,2022,6,"Sweden","MATERIAL_SAMPLE",NA,NA,NA,964,922,220,201
58.006731,11.698691,2022,8,"Sweden","MATERIAL_SAMPLE",NA,NA,NA,958,922,214,201
58.005094,11.70221,2022,8,"Sweden","MATERIAL_SAMPLE",NA,NA,NA,964,922,220,201
58.004048,11.702511,2022,8,"Sweden","MATERIAL_SAMPLE",NA,NA,NA,964,922,220,201
58.004048,11.702511,2022,8,"Sweden","MATERIAL_SAMPLE",NA,NA,NA,964,922,220,201
58.010869,11.697103,2022,9,"Sweden","MATERIAL_SAMPLE",NA,NA,NA,958,922,214,201
58.006731,11.698691,2022,9,"Sweden","MATERIAL_SAMPLE",NA,NA,NA,958,922,214,201
58.006731,11.698691,2022,9,"Sweden","MATERIAL_SAMPLE",NA,NA,NA,958,922,214,201
58.005094,11.70221,2022,9,"Sweden","MATERIAL_SAMPLE",NA,NA,NA,964,922,220,201
58.005094,11.70221,2022,9,"Sweden","MATERIAL_SAMPLE",NA,NA,NA,964,922,220,201
58.005094,11.70221,2022,9,"Sweden","MATERIAL_SAMPLE",NA,NA,NA,964,922,220,201
58.005094,11.70221,2022,9,"Sweden","MATERIAL_SAMPLE",NA,NA,NA,964,922,220,201
58.004048,11.702511,2022,9,"Sweden","MATERIAL_SAMPLE",NA,NA,NA,964,922,220,201
58.004048,11.702511,2022,9,"Sweden","MATERIAL_SAMPLE",NA,NA,NA,964,922,220,201
58.004048,11.702511,2022,9,"Sweden","MATERIAL_SAMPLE",NA,NA,NA,964,922,220,201
58.010687,11.698562,2022,9,"Sweden","MATERIAL_SAMPLE",NA,NA,NA,958,923,214,201
51.3771,3.2497,2021,10,"Belgium","OCCURRENCE",51.45,3.25000000000001,8.12,13,13,746,715
51.37843,3.25545,2021,10,"Belgium","OCCURRENCE",51.45,3.25000000000001,7.98,13,13,746,715
51.37632,3.2746,2021,10,"Belgium","OCCURRENCE",51.45,3.25000000000001,8.38,13,13,746,715
51.37818,3.26973,2021,10,"Belgium","OCCURRENCE",51.45,3.25000000000001,8.11,13,13,746,715
51.377,3.249,2020,9,"Belgium","OCCURRENCE",51.45,3.25000000000001,8.13,13,13,746,715
51.156,2.606,2020,9,"Belgium","OCCURRENCE",NA,NA,NA,43,44,795,766
51.381,3.248,2019,9,"Belgium","OCCURRENCE",51.45,3.25000000000001,7.68,13,13,746,715
51.381,3.255,2019,9,"Belgium","OCCURRENCE",51.45,3.25000000000001,7.69,13,13,746,715
51.373,3.27,2019,9,"Belgium","OCCURRENCE",51.45,3.25000000000001,8.68,13,13,746,715
51.372,3.261,2019,9,"Belgium","OCCURRENCE",51.45,3.25000000000001,8.72,13,13,746,715
51.376,3.274,2019,9,"Belgium","OCCURRENCE",51.45,3.25000000000001,8.4,13,13,746,715
51.373,3.256,2019,9,"Belgium","OCCURRENCE",51.45,3.25000000000001,8.58,13,13,746,715
51.377,3.25,2019,9,"Belgium","OCCURRENCE",51.45,3.25000000000001,8.13,13,13,746,715
51.378,3.27,2019,9,"Belgium","OCCURRENCE",51.45,3.25000000000001,8.13,13,13,746,715
51.385,3.25,2019,9,"Belgium","OCCURRENCE",51.45,3.25000000000001,7.24,13,13,746,715
51.389,3.255,2019,9,"Belgium","OCCURRENCE",51.45,3.25000000000001,6.8,13,13,746,715
51.381,3.277,2019,9,"Belgium","OCCURRENCE",51.45,3.25000000000001,7.91,13,13,746,715
56.90155,9.055167,2019,NA,"Denmark","OCCURRENCE",NA,NA,NA,760,728,0,0
56.89985,9.056633,2019,NA,"Denmark","OCCURRENCE",NA,NA,NA,751,728,11,0
51.372,3.262,2018,9,"Belgium","OCCURRENCE",51.45,3.25000000000001,8.72,13,13,746,715
51.377,3.25,2018,9,"Belgium","OCCURRENCE",51.45,3.25000000000001,8.13,13,13,746,715
51.373,3.256,2018,9,"Belgium","OCCURRENCE",51.45,3.25000000000001,8.58,13,13,746,715
51.381,3.277,2018,9,"Belgium","OCCURRENCE",51.45,3.25000000000001,7.91,13,13,746,715
51.384,3.27,2018,9,"Belgium","OCCURRENCE",51.45,3.25000000000001,7.48,13,13,746,715
51.288,2.921,2018,10,"Belgium","OCCURRENCE",51.25,2.85000000000001,6.51,25,24,778,748
51.186,2.701,2018,10,"Belgium","OCCURRENCE",51.15,2.65000000000001,5.36,43,41,795,765
51.291,2.929,2018,10,"Belgium","OCCURRENCE",51.35,2.95000000000001,6.73,14,14,765,735
51.186,2.701,2018,10,"Belgium","OCCURRENCE",51.15,2.65000000000001,5.36,43,41,795,765
51.389,3.256,2018,10,"Belgium","OCCURRENCE",51.45,3.25000000000001,6.8,13,13,746,715
51.275,2.915,2018,10,"Belgium","OCCURRENCE",51.25,2.85000000000001,5.31,25,24,778,748
51.278,2.931,2018,10,"Belgium","OCCURRENCE",51.25,2.85000000000001,6.45,25,24,778,748
51.288,2.933,2018,10,"Belgium","OCCURRENCE",51.35,2.95000000000001,7,14,14,765,735
51.274,2.922,2018,10,"Belgium","OCCURRENCE",51.25,2.85000000000001,5.68,25,24,778,748
51.287,2.925,2018,10,"Belgium","OCCURRENCE",51.25,2.85000000000001,6.65,25,24,778,748
51.283,2.909,2018,10,"Belgium","OCCURRENCE",51.25,2.85000000000001,5.51,25,24,778,748
51.287,2.921,2017,10,"Belgium","OCCURRENCE",51.25,2.85000000000001,6.44,25,24,778,748
51.383,3.255,2017,10,"Belgium","OCCURRENCE",51.45,3.25000000000001,7.47,13,13,746,715
51.383,3.27,2017,10,"Belgium","OCCURRENCE",51.45,3.25000000000001,7.59,13,13,746,715
51.278,2.91,2017,10,"Belgium","OCCURRENCE",51.25,2.85000000000001,5.21,25,24,778,748
51.381,3.253,2017,10,"Belgium","OCCURRENCE",51.45,3.25000000000001,7.68,13,13,746,715
51.373,3.257,2017,10,"Belgium","OCCURRENCE",51.45,3.25000000000001,8.59,13,13,746,715
51.283,2.909,2017,10,"Belgium","OCCURRENCE",51.25,2.85000000000001,5.51,25,24,778,748
51.373,3.263,2017,10,"Belgium","OCCURRENCE",51.45,3.25000000000001,8.62,13,13,746,715
51.377,3.249,2017,10,"Belgium","OCCURRENCE",51.45,3.25000000000001,8.13,13,13,746,715
51.197833,2.816333,2016,9,"Belgium","OCCURRENCE",51.25,2.85000000000001,6.26,25,24,778,748
51.229667,2.875833,2015,3,"Belgium","OCCURRENCE",NA,NA,NA,25,23,778,749
51.2285,2.885167,2014,3,"Belgium","OCCURRENCE",NA,NA,NA,25,23,778,749
51.226167,2.8675,2014,3,"Belgium","OCCURRENCE",NA,NA,NA,25,24,778,750
51.226333,2.879167,2014,3,"Belgium","OCCURRENCE",NA,NA,NA,25,23,778,749
51.373,3.27,2014,9,"Belgium","OCCURRENCE",51.45,3.25000000000001,8.68,13,13,746,715
51.2555,2.940333,2014,9,"Belgium","OCCURRENCE",51.25,2.85000000000001,6.32,25,24,778,748
51.227333,2.872333,2014,9,"Belgium","OCCURRENCE",NA,NA,NA,25,24,778,750
51.23985,2.934533,2013,9,"Belgium","OCCURRENCE",51.25,2.85000000000001,6,25,24,778,748
51.24205,2.938783,2013,9,"Belgium","OCCURRENCE",51.25,2.85000000000001,6.25,25,24,778,748
51.246667,2.9514,2013,9,"Belgium","OCCURRENCE",51.25,2.85000000000001,7.08,25,24,778,748
51.225167,2.8845,2013,9,"Belgium","OCCURRENCE",NA,NA,NA,25,23,778,749
51.219167,2.854267,2013,9,"Belgium","OCCURRENCE",NA,NA,NA,25,25,778,751
51.2225,2.880833,2013,9,"Belgium","OCCURRENCE",NA,NA,NA,25,24,778,750
51.223,2.86705,2013,9,"Belgium","OCCURRENCE",NA,NA,NA,25,24,778,750
51.226633,2.874633,2013,9,"Belgium","OCCURRENCE",NA,NA,NA,25,24,778,749
51.21435,2.859433,2013,9,"Belgium","OCCURRENCE",NA,NA,NA,25,25,778,751
51.220433,2.870967,2013,9,"Belgium","OCCURRENCE",NA,NA,NA,25,24,778,750
51.377,3.249,2013,10,"Belgium","OCCURRENCE",51.45,3.25000000000001,8.13,13,13,746,715
51.376,3.274,2013,10,"Belgium","OCCURRENCE",51.45,3.25000000000001,8.4,13,13,746,715
51.378,3.27,2013,10,"Belgium","OCCURRENCE",51.45,3.25000000000001,8.13,13,13,746,715
51.381,3.249,2013,10,"Belgium","OCCURRENCE",51.45,3.25000000000001,7.68,13,13,746,715
51.26895,2.959167,2013,10,"Belgium","OCCURRENCE",51.35,2.95000000000001,9.04,14,14,765,735
51.185,2.701,2011,3,"Belgium","OCCURRENCE",51.15,2.65000000000001,5.28,43,41,795,765
51.381,3.254,2010,9,"Belgium","OCCURRENCE",51.45,3.25000000000001,7.69,13,13,746,715
51.384,3.271,2010,9,"Belgium","OCCURRENCE",51.45,3.25000000000001,7.49,13,13,746,715
51.378,3.27,2010,9,"Belgium","OCCURRENCE",51.45,3.25000000000001,8.13,13,13,746,715
51.283,2.934,2010,10,"Belgium","OCCURRENCE",51.25,2.85000000000001,6.91,25,24,778,748
51.274,2.921,2008,2,"Belgium","OCCURRENCE",51.25,2.85000000000001,5.62,25,24,778,748
51.287,2.925,2008,2,"Belgium","OCCURRENCE",51.25,2.85000000000001,6.65,25,24,778,748
51.286,2.928,2008,2,"Belgium","OCCURRENCE",51.25,2.85000000000001,6.75,25,24,778,748
51.377,3.25,2008,2,"Belgium","OCCURRENCE",51.45,3.25000000000001,8.13,13,13,746,715
51.289,2.933,2008,2,"Belgium","OCCURRENCE",51.35,2.95000000000001,6.89,14,14,765,735
51.283,2.921,2008,2,"Belgium","OCCURRENCE",51.25,2.85000000000001,6.16,25,24,778,748
51.274,2.922,2008,9,"Belgium","OCCURRENCE",51.25,2.85000000000001,5.68,25,24,778,748
51.278,2.909,2008,9,"Belgium","OCCURRENCE",51.25,2.85000000000001,5.16,25,24,778,748
51.164,2.724,2008,9,"Belgium","OCCURRENCE",51.15,2.65000000000001,5.4,43,41,795,765
51.165,2.728,2008,9,"Belgium","OCCURRENCE",51.15,2.65000000000001,5.7,43,41,795,765
51.168,2.736,2008,9,"Belgium","OCCURRENCE",51.15,2.65000000000001,6.33,43,41,795,765
51.168,2.728,2008,9,"Belgium","OCCURRENCE",51.15,2.65000000000001,5.8,43,41,795,765
51.222,2.857,2008,9,"Belgium","OCCURRENCE",NA,NA,NA,25,25,778,751
51.223,2.861,2008,9,"Belgium","OCCURRENCE",NA,NA,NA,25,25,778,750
51.224,2.862,2008,9,"Belgium","OCCURRENCE",NA,NA,NA,25,24,778,750
51.113,2.572,2008,10,"Belgium","OCCURRENCE",NA,NA,NA,50,48,798,771
51.258,2.951,2008,10,"Belgium","OCCURRENCE",51.25,2.85000000000001,7.09,25,24,778,748
51.257,2.947,2008,10,"Belgium","OCCURRENCE",51.25,2.85000000000001,6.8,25,24,778,748
51.373,3.328,2008,10,"Belgium","OCCURRENCE",51.45,3.35000000000001,8.71,18,18,744,711
51.279999,3,2008,10,"Belgium","OCCURRENCE",51.35,2.95000000000001,8.53,14,14,765,735
51.286,2.927,2007,3,"Belgium","OCCURRENCE",51.25,2.85000000000001,6.69,25,24,778,748
51.278,2.91,2007,3,"Belgium","OCCURRENCE",51.25,2.85000000000001,5.21,25,24,778,748
51.278,2.909,2007,9,"Belgium","OCCURRENCE",51.25,2.85000000000001,5.16,25,24,778,748
51.287,2.925,2007,9,"Belgium","OCCURRENCE",51.25,2.85000000000001,6.65,25,24,778,748
51.286,2.928,2007,9,"Belgium","OCCURRENCE",51.25,2.85000000000001,6.75,25,24,778,748
51.386,3.251,2007,9,"Belgium","OCCURRENCE",51.45,3.25000000000001,7.12,13,13,746,715
51.379,3.256,2007,9,"Belgium","OCCURRENCE",51.45,3.25000000000001,7.91,13,13,746,715
51.289,2.933,2007,9,"Belgium","OCCURRENCE",51.35,2.95000000000001,6.89,14,14,765,735
51.283,2.921,2007,9,"Belgium","OCCURRENCE",51.25,2.85000000000001,6.16,25,24,778,748
51.288,2.921,2007,9,"Belgium","OCCURRENCE",51.25,2.85000000000001,6.51,25,24,778,748
51.369999,3.23,2007,10,"Belgium","OCCURRENCE",51.35,3.15000000000001,5.99,0,0,760,728
51.369999,3.23,2007,10,"Belgium","OCCURRENCE",51.35,3.15000000000001,5.99,0,0,760,728
51.369999,3.23,2007,10,"Belgium","OCCURRENCE",51.35,3.15000000000001,5.99,0,0,760,728
51.369999,3.24,2007,10,"Belgium","OCCURRENCE",51.35,3.15000000000001,6.64,0,0,760,728
51.369999,3.33,2007,10,"Belgium","OCCURRENCE",51.45,3.35000000000001,9.01,18,18,744,711
51.369999,3.34,2007,10,"Belgium","OCCURRENCE",51.45,3.35000000000001,8.93,18,18,744,711
51.369999,3.35,2007,10,"Belgium","OCCURRENCE",51.45,3.35000000000001,8.91,18,18,744,711
51.380001,3.34,2007,10,"Belgium","OCCURRENCE",51.45,3.35000000000001,7.82,18,18,744,711
51.369999,3.34,2007,10,"Belgium","OCCURRENCE",51.45,3.35000000000001,8.93,18,18,744,711
51.119999,2.6,2007,10,"Belgium","OCCURRENCE",NA,NA,NA,43,46,795,769
51.110001,2.59,2007,10,"Belgium","OCCURRENCE",NA,NA,NA,50,47,798,771
51.220001,2.86,2007,10,"Belgium","OCCURRENCE",NA,NA,NA,25,25,778,751
51.220001,2.86,2007,10,"Belgium","OCCURRENCE",NA,NA,NA,25,25,778,751
51.32,3.09,2007,10,"Belgium","OCCURRENCE",NA,NA,NA,7,5,762,733
51.364298,3.20701,NA,NA,"Belgium","OCCURRENCE",51.35,3.15000000000001,4.27,0,0,760,728
51.364298,3.20701,NA,NA,"Belgium","OCCURRENCE",51.35,3.15000000000001,4.27,0,0,760,728
