"latitude","longitude","year","month","country","basisOfRecord","latitude_moved","longitude_moved","dist_moved","BelgiumCoast_seaway","BelgiumCoast_geodesic","Koster_seaway","Koster_geodesic","Limfjord_seaway","Limfjord_geodesic","RavennaM_seaway","RavennaM_geodesic"
58.00655,11.69999,2023,6,"Sweden","HUMAN_OBSERVATION",NA,NA,NA,958,922,102,103,214,201,6344,1509
58.00655,11.69999,2023,9,"Sweden","HUMAN_OBSERVATION",NA,NA,NA,958,922,102,103,214,201,6344,1509
59.066669,5.8,2023,10,"Norway","HUMAN_OBSERVATION",NA,NA,NA,893,875,467,306,359,309,6238,1686
51.45,3.7,2019,8,"Netherlands","HUMAN_OBSERVATION",51.45,3.55000000000001,10.41,32,30,962,955,738,705,5463,1017
47.83341,-3.94992,2016,7,"France","HUMAN_OBSERVATION",NA,NA,NA,791,645,1726,1578,1507,1338,4734,1312
47.43228,-2.47915,2013,8,"France","HUMAN_OBSERVATION",47.45,-2.54999999999999,5.69,903,599,1839,1559,1619,1314,4780,1200
47.50156,-2.49219,2013,8,"France","HUMAN_OBSERVATION",47.45,-2.54999999999999,7.2,903,599,1839,1559,1619,1314,4780,1200
47.50615,-2.52518,2013,8,"France","HUMAN_OBSERVATION",47.45,-2.54999999999999,6.52,903,599,1839,1559,1619,1314,4780,1200
47.46283,-2.49717,2013,8,"France","HUMAN_OBSERVATION",47.45,-2.54999999999999,4.23,903,599,1839,1559,1619,1314,4780,1200
48.10991,-4.29819,2010,8,"France","HUMAN_OBSERVATION",48.15,-4.34999999999999,5.89,725,647,1661,1566,1441,1328,4739,1348
48.10991,-4.29819,2008,9,"France","HUMAN_OBSERVATION",48.15,-4.34999999999999,5.89,725,647,1661,1566,1441,1328,4739,1348
48.30941,-4.44852,2008,9,"France","HUMAN_OBSERVATION",NA,NA,NA,708,642,1644,1555,1424,1319,4754,1358
47.83341,-3.94992,2008,10,"France","HUMAN_OBSERVATION",NA,NA,NA,791,645,1726,1578,1507,1338,4734,1312
47.83341,-3.94992,2008,10,"France","HUMAN_OBSERVATION",NA,NA,NA,791,645,1726,1578,1507,1338,4734,1312
48.30941,-4.44852,2007,3,"France","HUMAN_OBSERVATION",NA,NA,NA,708,642,1644,1555,1424,1319,4754,1358
45.79981,-1.20527,2004,5,"France","HUMAN_OBSERVATION",NA,NA,NA,1090,696,2026,1673,1806,1424,4786,1076
45.79981,-1.20527,2004,5,"France","HUMAN_OBSERVATION",NA,NA,NA,1090,696,2026,1673,1806,1424,4786,1076
47.83341,-3.94992,2004,9,"France","HUMAN_OBSERVATION",NA,NA,NA,791,645,1726,1578,1507,1338,4734,1312
45.79981,-1.20527,2004,9,"France","HUMAN_OBSERVATION",NA,NA,NA,1090,696,2026,1673,1806,1424,4786,1076
45.79981,-1.20527,2003,6,"France","HUMAN_OBSERVATION",NA,NA,NA,1090,696,2026,1673,1806,1424,4786,1076
45.96864,-1.20844,2003,7,"France","HUMAN_OBSERVATION",45.95,-1.14999999999999,4.98,1079,679,2015,1657,1795,1407,4800,1072
45.79981,-1.20527,2003,7,"France","HUMAN_OBSERVATION",NA,NA,NA,1090,696,2026,1673,1806,1424,4786,1076
45.79981,-1.20527,2003,8,"France","HUMAN_OBSERVATION",NA,NA,NA,1090,696,2026,1673,1806,1424,4786,1076
45.79981,-1.20527,2003,8,"France","HUMAN_OBSERVATION",NA,NA,NA,1090,696,2026,1673,1806,1424,4786,1076
45.96864,-1.20844,2003,8,"France","HUMAN_OBSERVATION",45.95,-1.14999999999999,4.98,1079,679,2015,1657,1795,1407,4800,1072
45.96864,-1.20844,2003,9,"France","HUMAN_OBSERVATION",45.95,-1.14999999999999,4.98,1079,679,2015,1657,1795,1407,4800,1072
45.96864,-1.20844,2003,9,"France","HUMAN_OBSERVATION",45.95,-1.14999999999999,4.98,1079,679,2015,1657,1795,1407,4800,1072
45.96864,-1.20844,2003,10,"France","HUMAN_OBSERVATION",45.95,-1.14999999999999,4.98,1079,679,2015,1657,1795,1407,4800,1072
45.79981,-1.20527,2003,11,"France","HUMAN_OBSERVATION",NA,NA,NA,1090,696,2026,1673,1806,1424,4786,1076
45.79981,-1.20527,2002,8,"France","HUMAN_OBSERVATION",NA,NA,NA,1090,696,2026,1673,1806,1424,4786,1076
45.96864,-1.20844,2002,10,"France","HUMAN_OBSERVATION",45.95,-1.14999999999999,4.98,1079,679,2015,1657,1795,1407,4800,1072
45.79981,-1.20527,2002,10,"France","HUMAN_OBSERVATION",NA,NA,NA,1090,696,2026,1673,1806,1424,4786,1076
45.79981,-1.20527,2001,8,"France","HUMAN_OBSERVATION",NA,NA,NA,1090,696,2026,1673,1806,1424,4786,1076
47.77332,-3.84003,2001,9,"France","HUMAN_OBSERVATION",NA,NA,NA,795,643,1730,1579,1510,1339,4731,1302
48.29283,-4.45889,2001,9,"France","HUMAN_OBSERVATION",48.35,-4.44999999999999,6.4,708,640,1644,1552,1424,1315,4754,1359
49.65042,0.15016,2000,8,"France","HUMAN_OBSERVATION",NA,NA,NA,299,285,1252,1247,1032,1000,5166,1091
46.2703,-1.23785,1999,7,"France","HUMAN_OBSERVATION",NA,NA,NA,1051,650,1987,1627,1767,1378,4802,1082
46.22998,-1.20011,1999,7,"France","HUMAN_OBSERVATION",NA,NA,NA,1051,653,1987,1630,1767,1381,4802,1079
45.79981,-1.20527,1999,8,"France","HUMAN_OBSERVATION",NA,NA,NA,1090,696,2026,1673,1806,1424,4786,1076
45.79981,-1.20527,1999,8,"France","HUMAN_OBSERVATION",NA,NA,NA,1090,696,2026,1673,1806,1424,4786,1076
45.96864,-1.20844,1999,8,"France","HUMAN_OBSERVATION",45.95,-1.14999999999999,4.98,1079,679,2015,1657,1795,1407,4800,1072
45.79981,-1.20527,1999,8,"France","HUMAN_OBSERVATION",NA,NA,NA,1090,696,2026,1673,1806,1424,4786,1076
45.96864,-1.20844,1998,5,"France","HUMAN_OBSERVATION",45.95,-1.14999999999999,4.98,1079,679,2015,1657,1795,1407,4800,1072
46.22998,-1.20011,1998,7,"France","HUMAN_OBSERVATION",NA,NA,NA,1051,653,1987,1630,1767,1381,4802,1079
46.05515,-1.13061,1998,7,"France","HUMAN_OBSERVATION",NA,NA,NA,1071,668,2007,1645,1787,1396,4803,1072
45.96864,-1.20844,1998,7,"France","HUMAN_OBSERVATION",45.95,-1.14999999999999,4.98,1079,679,2015,1657,1795,1407,4800,1072
46.2703,-1.23785,1998,7,"France","HUMAN_OBSERVATION",NA,NA,NA,1051,650,1987,1627,1767,1378,4802,1082
45.96864,-1.20844,1998,7,"France","HUMAN_OBSERVATION",45.95,-1.14999999999999,4.98,1079,679,2015,1657,1795,1407,4800,1072
45.96864,-1.20844,1998,8,"France","HUMAN_OBSERVATION",45.95,-1.14999999999999,4.98,1079,679,2015,1657,1795,1407,4800,1072
45.96864,-1.20844,1998,8,"France","HUMAN_OBSERVATION",45.95,-1.14999999999999,4.98,1079,679,2015,1657,1795,1407,4800,1072
45.79981,-1.20527,1998,8,"France","HUMAN_OBSERVATION",NA,NA,NA,1090,696,2026,1673,1806,1424,4786,1076
45.96864,-1.20844,1998,8,"France","HUMAN_OBSERVATION",45.95,-1.14999999999999,4.98,1079,679,2015,1657,1795,1407,4800,1072
45.79981,-1.20527,1998,9,"France","HUMAN_OBSERVATION",NA,NA,NA,1090,696,2026,1673,1806,1424,4786,1076
45.96864,-1.20844,1998,9,"France","HUMAN_OBSERVATION",45.95,-1.14999999999999,4.98,1079,679,2015,1657,1795,1407,4800,1072
45.96864,-1.20844,1997,6,"France","HUMAN_OBSERVATION",45.95,-1.14999999999999,4.98,1079,679,2015,1657,1795,1407,4800,1072
45.79981,-1.20527,1997,6,"France","HUMAN_OBSERVATION",NA,NA,NA,1090,696,2026,1673,1806,1424,4786,1076
45.79981,-1.20527,1997,8,"France","HUMAN_OBSERVATION",NA,NA,NA,1090,696,2026,1673,1806,1424,4786,1076
45.79981,-1.20527,1997,9,"France","HUMAN_OBSERVATION",NA,NA,NA,1090,696,2026,1673,1806,1424,4786,1076
45.85347,-1.17894,1997,9,"France","HUMAN_OBSERVATION",NA,NA,NA,1089,689,2025,1667,1805,1417,4797,1074
45.79981,-1.20527,1997,9,"France","HUMAN_OBSERVATION",NA,NA,NA,1090,696,2026,1673,1806,1424,4786,1076
45.79981,-1.20527,1997,9,"France","HUMAN_OBSERVATION",NA,NA,NA,1090,696,2026,1673,1806,1424,4786,1076
45.96864,-1.20844,1997,9,"France","HUMAN_OBSERVATION",45.95,-1.14999999999999,4.98,1079,679,2015,1657,1795,1407,4800,1072
45.96864,-1.20844,1997,9,"France","HUMAN_OBSERVATION",45.95,-1.14999999999999,4.98,1079,679,2015,1657,1795,1407,4800,1072
45.79981,-1.20527,1997,10,"France","HUMAN_OBSERVATION",NA,NA,NA,1090,696,2026,1673,1806,1424,4786,1076
43.37815,4.84573,1997,11,"France","HUMAN_OBSERVATION",NA,NA,NA,3675,895,4611,1777,4391,1533,2183,614
45.79981,-1.20527,1996,6,"France","HUMAN_OBSERVATION",NA,NA,NA,1090,696,2026,1673,1806,1424,4786,1076
45.96864,-1.20844,1996,7,"France","HUMAN_OBSERVATION",45.95,-1.14999999999999,4.98,1079,679,2015,1657,1795,1407,4800,1072
45.79981,-1.20527,1996,7,"France","HUMAN_OBSERVATION",NA,NA,NA,1090,696,2026,1673,1806,1424,4786,1076
45.79981,-1.20527,1996,8,"France","HUMAN_OBSERVATION",NA,NA,NA,1090,696,2026,1673,1806,1424,4786,1076
45.96864,-1.20844,1996,8,"France","HUMAN_OBSERVATION",45.95,-1.14999999999999,4.98,1079,679,2015,1657,1795,1407,4800,1072
45.96864,-1.20844,1996,8,"France","HUMAN_OBSERVATION",45.95,-1.14999999999999,4.98,1079,679,2015,1657,1795,1407,4800,1072
45.96864,-1.20844,1996,9,"France","HUMAN_OBSERVATION",45.95,-1.14999999999999,4.98,1079,679,2015,1657,1795,1407,4800,1072
45.79981,-1.20527,1996,9,"France","HUMAN_OBSERVATION",NA,NA,NA,1090,696,2026,1673,1806,1424,4786,1076
45.79981,-1.20527,1996,9,"France","HUMAN_OBSERVATION",NA,NA,NA,1090,696,2026,1673,1806,1424,4786,1076
45.96864,-1.20844,1996,10,"France","HUMAN_OBSERVATION",45.95,-1.14999999999999,4.98,1079,679,2015,1657,1795,1407,4800,1072
48.22199,-4.49422,1995,9,"France","HUMAN_OBSERVATION",48.25,-4.54999999999999,5.18,706,652,1642,1565,1422,1329,4740,1364
47.73332,-3.9867,1993,10,"France","HUMAN_OBSERVATION",NA,NA,NA,787,654,1723,1589,1503,1349,4726,1312
47.77332,-3.84003,1993,11,"France","HUMAN_OBSERVATION",NA,NA,NA,795,643,1730,1579,1510,1339,4731,1302
47.8526,-4.34906,1992,11,"France","HUMAN_OBSERVATION",NA,NA,NA,753,667,1689,1593,1469,1354,4712,1341
47.8526,-4.34906,1992,11,"France","HUMAN_OBSERVATION",NA,NA,NA,753,667,1689,1593,1469,1354,4712,1341
47.8526,-4.34906,1992,12,"France","HUMAN_OBSERVATION",NA,NA,NA,753,667,1689,1593,1469,1354,4712,1341
47.73332,-3.9867,1992,12,"France","HUMAN_OBSERVATION",NA,NA,NA,787,654,1723,1589,1503,1349,4726,1312
45.80764,-1.205604,NA,NA,"France","HUMAN_OBSERVATION",NA,NA,NA,1082,695,2017,1673,1798,1423,4789,1076
45.968643,-1.208441,NA,NA,"France","HUMAN_OBSERVATION",45.95,-1.14999999999999,4.98,1079,679,2015,1657,1795,1407,4800,1072
45.968643,-1.208441,NA,NA,"France","HUMAN_OBSERVATION",45.95,-1.14999999999999,4.98,1079,679,2015,1657,1795,1407,4800,1072
45.80764,-1.205604,NA,NA,"France","HUMAN_OBSERVATION",NA,NA,NA,1082,695,2017,1673,1798,1423,4789,1076
45.968643,-1.208441,NA,NA,"France","HUMAN_OBSERVATION",45.95,-1.14999999999999,4.98,1079,679,2015,1657,1795,1407,4800,1072
45.80764,-1.205604,NA,NA,"France","HUMAN_OBSERVATION",NA,NA,NA,1082,695,2017,1673,1798,1423,4789,1076
45.80764,-1.205604,NA,NA,"France","HUMAN_OBSERVATION",NA,NA,NA,1082,695,2017,1673,1798,1423,4789,1076
45.968643,-1.208441,NA,NA,"France","HUMAN_OBSERVATION",45.95,-1.14999999999999,4.98,1079,679,2015,1657,1795,1407,4800,1072
45.80764,-1.205604,NA,NA,"France","HUMAN_OBSERVATION",NA,NA,NA,1082,695,2017,1673,1798,1423,4789,1076
45.80764,-1.205604,NA,NA,"France","HUMAN_OBSERVATION",NA,NA,NA,1082,695,2017,1673,1798,1423,4789,1076
45.80764,-1.205604,NA,NA,"France","HUMAN_OBSERVATION",NA,NA,NA,1082,695,2017,1673,1798,1423,4789,1076
45.80764,-1.205604,NA,NA,"France","HUMAN_OBSERVATION",NA,NA,NA,1082,695,2017,1673,1798,1423,4789,1076
45.80764,-1.205604,NA,NA,"France","HUMAN_OBSERVATION",NA,NA,NA,1082,695,2017,1673,1798,1423,4789,1076
43.378147,4.845728,NA,NA,"France","HUMAN_OBSERVATION",NA,NA,NA,3675,895,4611,1777,4391,1533,2183,614
45.968643,-1.208441,NA,NA,"France","HUMAN_OBSERVATION",45.95,-1.14999999999999,4.98,1079,679,2015,1657,1795,1407,4800,1072
46.055145,-1.130608,NA,NA,"France","HUMAN_OBSERVATION",NA,NA,NA,1071,668,2007,1645,1787,1396,4803,1072
45.968643,-1.208441,NA,NA,"France","HUMAN_OBSERVATION",45.95,-1.14999999999999,4.98,1079,679,2015,1657,1795,1407,4800,1072
45.80764,-1.205604,NA,NA,"France","HUMAN_OBSERVATION",NA,NA,NA,1082,695,2017,1673,1798,1423,4789,1076
45.968643,-1.208441,NA,NA,"France","HUMAN_OBSERVATION",45.95,-1.14999999999999,4.98,1079,679,2015,1657,1795,1407,4800,1072
46.273151,-1.233948,NA,NA,"France","HUMAN_OBSERVATION",NA,NA,NA,1051,650,1987,1627,1767,1378,4802,1082
45.80764,-1.205604,NA,NA,"France","HUMAN_OBSERVATION",NA,NA,NA,1082,695,2017,1673,1798,1423,4789,1076
45.80764,-1.205604,NA,NA,"France","HUMAN_OBSERVATION",NA,NA,NA,1082,695,2017,1673,1798,1423,4789,1076
45.80764,-1.205604,NA,NA,"France","HUMAN_OBSERVATION",NA,NA,NA,1082,695,2017,1673,1798,1423,4789,1076
45.80764,-1.205604,NA,NA,"France","HUMAN_OBSERVATION",NA,NA,NA,1082,695,2017,1673,1798,1423,4789,1076
45.968643,-1.208441,NA,NA,"France","HUMAN_OBSERVATION",45.95,-1.14999999999999,4.98,1079,679,2015,1657,1795,1407,4800,1072
45.80764,-1.205604,NA,NA,"France","HUMAN_OBSERVATION",NA,NA,NA,1082,695,2017,1673,1798,1423,4789,1076
48.292828,-4.458891,NA,NA,"France","HUMAN_OBSERVATION",48.35,-4.44999999999999,6.4,708,640,1644,1552,1424,1315,4754,1359
47.773323,-3.840033,NA,NA,"France","HUMAN_OBSERVATION",NA,NA,NA,795,643,1730,1579,1510,1339,4731,1302
45.80764,-1.205604,NA,NA,"France","HUMAN_OBSERVATION",NA,NA,NA,1082,695,2017,1673,1798,1423,4789,1076
47.832321,-3.95137,NA,NA,"France","HUMAN_OBSERVATION",NA,NA,NA,791,645,1726,1578,1507,1338,4734,1312
45.80764,-1.205604,NA,NA,"France","HUMAN_OBSERVATION",NA,NA,NA,1082,695,2017,1673,1798,1423,4789,1076
45.80764,-1.205604,NA,NA,"France","HUMAN_OBSERVATION",NA,NA,NA,1082,695,2017,1673,1798,1423,4789,1076
45.968643,-1.208441,NA,NA,"France","HUMAN_OBSERVATION",45.95,-1.14999999999999,4.98,1079,679,2015,1657,1795,1407,4800,1072
45.80764,-1.205604,NA,NA,"France","HUMAN_OBSERVATION",NA,NA,NA,1082,695,2017,1673,1798,1423,4789,1076
48.308331,-4.45,NA,NA,"France","HUMAN_OBSERVATION",NA,NA,NA,708,643,1644,1556,1424,1319,4754,1358
45.968643,-1.208441,NA,NA,"France","HUMAN_OBSERVATION",45.95,-1.14999999999999,4.98,1079,679,2015,1657,1795,1407,4800,1072
45.80764,-1.205604,NA,NA,"France","HUMAN_OBSERVATION",NA,NA,NA,1082,695,2017,1673,1798,1423,4789,1076
45.968643,-1.208441,NA,NA,"France","HUMAN_OBSERVATION",45.95,-1.14999999999999,4.98,1079,679,2015,1657,1795,1407,4800,1072
45.968643,-1.208441,NA,NA,"France","HUMAN_OBSERVATION",45.95,-1.14999999999999,4.98,1079,679,2015,1657,1795,1407,4800,1072
45.968643,-1.208441,NA,NA,"France","HUMAN_OBSERVATION",45.95,-1.14999999999999,4.98,1079,679,2015,1657,1795,1407,4800,1072
45.80764,-1.205604,NA,NA,"France","HUMAN_OBSERVATION",NA,NA,NA,1082,695,2017,1673,1798,1423,4789,1076
45.80764,-1.205604,NA,NA,"France","HUMAN_OBSERVATION",NA,NA,NA,1082,695,2017,1673,1798,1423,4789,1076
45.80764,-1.205604,NA,NA,"France","HUMAN_OBSERVATION",NA,NA,NA,1082,695,2017,1673,1798,1423,4789,1076
54.174444,12.095,2023,8,"Germany","MATERIAL_SAMPLE",54.25,12.05,8.91,1262,681,528,518,517,350,6647,1090
58.005253,11.702511,2022,9,"Sweden","MATERIAL_SAMPLE",NA,NA,NA,964,922,107,103,220,201,6350,1509
51.15651,2.60694,2022,10,"Belgium","MATERIAL_SAMPLE",NA,NA,NA,43,44,1018,1015,795,766,5389,1042
51.15651,2.60694,2022,10,"Belgium","MATERIAL_SAMPLE",NA,NA,NA,43,44,1018,1015,795,766,5389,1042
51.15651,2.60694,2022,10,"Belgium","MATERIAL_SAMPLE",NA,NA,NA,43,44,1018,1015,795,766,5389,1042
51.15651,2.60694,2022,10,"Belgium","MATERIAL_SAMPLE",NA,NA,NA,43,44,1018,1015,795,766,5389,1042
51.15651,2.60694,2022,10,"Belgium","MATERIAL_SAMPLE",NA,NA,NA,43,44,1018,1015,795,766,5389,1042
51.15651,2.60694,2022,10,"Belgium","MATERIAL_SAMPLE",NA,NA,NA,43,44,1018,1015,795,766,5389,1042
51.15651,2.60694,2022,10,"Belgium","MATERIAL_SAMPLE",NA,NA,NA,43,44,1018,1015,795,766,5389,1042
51.15651,2.60694,2022,10,"Belgium","MATERIAL_SAMPLE",NA,NA,NA,43,44,1018,1015,795,766,5389,1042
51.15651,2.60694,2022,10,"Belgium","MATERIAL_SAMPLE",NA,NA,NA,43,44,1018,1015,795,766,5389,1042
51.15651,2.60694,2022,10,"Belgium","MATERIAL_SAMPLE",NA,NA,NA,43,44,1018,1015,795,766,5389,1042
51.15649,2.60694,2022,10,"Belgium","MATERIAL_SAMPLE",NA,NA,NA,43,44,1018,1015,795,766,5389,1042
51.15649,2.60694,2022,10,"Belgium","MATERIAL_SAMPLE",NA,NA,NA,43,44,1018,1015,795,766,5389,1042
51.15649,2.60694,2022,10,"Belgium","MATERIAL_SAMPLE",NA,NA,NA,43,44,1018,1015,795,766,5389,1042
51.15649,2.60694,2022,10,"Belgium","MATERIAL_SAMPLE",NA,NA,NA,43,44,1018,1015,795,766,5389,1042
51.15649,2.60694,2022,10,"Belgium","MATERIAL_SAMPLE",NA,NA,NA,43,44,1018,1015,795,766,5389,1042
51.15649,2.60694,2022,10,"Belgium","MATERIAL_SAMPLE",NA,NA,NA,43,44,1018,1015,795,766,5389,1042
51.15649,2.60694,2022,10,"Belgium","MATERIAL_SAMPLE",NA,NA,NA,43,44,1018,1015,795,766,5389,1042
51.15649,2.60694,2022,10,"Belgium","MATERIAL_SAMPLE",NA,NA,NA,43,44,1018,1015,795,766,5389,1042
51.15649,2.60694,2022,10,"Belgium","MATERIAL_SAMPLE",NA,NA,NA,43,44,1018,1015,795,766,5389,1042
51.15649,2.60694,2022,10,"Belgium","MATERIAL_SAMPLE",NA,NA,NA,43,44,1018,1015,795,766,5389,1042
51.1853,2.70142,2022,10,"Belgium","MATERIAL_SAMPLE",51.15,2.65000000000001,5.32,43,41,1018,1014,795,765,5389,1039
51.1853,2.70142,2022,10,"Belgium","MATERIAL_SAMPLE",51.15,2.65000000000001,5.32,43,41,1018,1014,795,765,5389,1039
51.1853,2.70142,2022,10,"Belgium","MATERIAL_SAMPLE",51.15,2.65000000000001,5.32,43,41,1018,1014,795,765,5389,1039
51.1853,2.70142,2022,10,"Belgium","MATERIAL_SAMPLE",51.15,2.65000000000001,5.32,43,41,1018,1014,795,765,5389,1039
51.1853,2.70142,2022,10,"Belgium","MATERIAL_SAMPLE",51.15,2.65000000000001,5.32,43,41,1018,1014,795,765,5389,1039
51.1853,2.70142,2022,10,"Belgium","MATERIAL_SAMPLE",51.15,2.65000000000001,5.32,43,41,1018,1014,795,765,5389,1039
51.1853,2.70142,2022,10,"Belgium","MATERIAL_SAMPLE",51.15,2.65000000000001,5.32,43,41,1018,1014,795,765,5389,1039
51.1853,2.70142,2022,10,"Belgium","MATERIAL_SAMPLE",51.15,2.65000000000001,5.32,43,41,1018,1014,795,765,5389,1039
51.1853,2.70142,2022,10,"Belgium","MATERIAL_SAMPLE",51.15,2.65000000000001,5.32,43,41,1018,1014,795,765,5389,1039
51.1853,2.70142,2022,10,"Belgium","MATERIAL_SAMPLE",51.15,2.65000000000001,5.32,43,41,1018,1014,795,765,5389,1039
51.1853,2.70142,2022,10,"Belgium","MATERIAL_SAMPLE",51.15,2.65000000000001,5.32,43,41,1018,1014,795,765,5389,1039
51.1853,2.70142,2022,10,"Belgium","MATERIAL_SAMPLE",51.15,2.65000000000001,5.32,43,41,1018,1014,795,765,5389,1039
51.1853,2.70142,2022,10,"Belgium","MATERIAL_SAMPLE",51.15,2.65000000000001,5.32,43,41,1018,1014,795,765,5389,1039
51.1853,2.70142,2022,10,"Belgium","MATERIAL_SAMPLE",51.15,2.65000000000001,5.32,43,41,1018,1014,795,765,5389,1039
51.1853,2.70142,2022,10,"Belgium","MATERIAL_SAMPLE",51.15,2.65000000000001,5.32,43,41,1018,1014,795,765,5389,1039
51.1853,2.70142,2022,10,"Belgium","MATERIAL_SAMPLE",51.15,2.65000000000001,5.32,43,41,1018,1014,795,765,5389,1039
51.1853,2.70142,2022,10,"Belgium","MATERIAL_SAMPLE",51.15,2.65000000000001,5.32,43,41,1018,1014,795,765,5389,1039
51.1853,2.70142,2022,10,"Belgium","MATERIAL_SAMPLE",51.15,2.65000000000001,5.32,43,41,1018,1014,795,765,5389,1039
58.3433,11.4033,2022,11,"Sweden","MATERIAL_SAMPLE",58.25,11.45,10.74,955,934,73,73,211,208,6341,1537
58.3433,11.4033,2022,11,"Sweden","MATERIAL_SAMPLE",58.25,11.45,10.74,955,934,73,73,211,208,6341,1537
51.23635,2.816283,2021,9,"Belgium","MATERIAL_SAMPLE",NA,NA,NA,25,26,1002,1000,778,751,5407,1037
51.23635,2.816283,2021,9,"Belgium","MATERIAL_SAMPLE",NA,NA,NA,25,26,1002,1000,778,751,5407,1037
51.23635,2.816283,2021,9,"Belgium","MATERIAL_SAMPLE",NA,NA,NA,25,26,1002,1000,778,751,5407,1037
51.23635,2.816283,2021,9,"Belgium","MATERIAL_SAMPLE",NA,NA,NA,25,26,1002,1000,778,751,5407,1037
51.23635,2.816283,2021,9,"Belgium","MATERIAL_SAMPLE",NA,NA,NA,25,26,1002,1000,778,751,5407,1037
51.147083,2.58625,2021,9,"Belgium","MATERIAL_SAMPLE",NA,NA,NA,50,45,1021,1017,798,767,5382,1042
51.147083,2.58625,2021,9,"Belgium","MATERIAL_SAMPLE",NA,NA,NA,50,45,1021,1017,798,767,5382,1042
51.147083,2.58625,2021,9,"Belgium","MATERIAL_SAMPLE",NA,NA,NA,50,45,1021,1017,798,767,5382,1042
51.147083,2.58625,2021,9,"Belgium","MATERIAL_SAMPLE",NA,NA,NA,50,45,1021,1017,798,767,5382,1042
51.147083,2.58625,2021,9,"Belgium","MATERIAL_SAMPLE",NA,NA,NA,50,45,1021,1017,798,767,5382,1042
51.147083,2.58625,2021,9,"Belgium","MATERIAL_SAMPLE",NA,NA,NA,50,45,1021,1017,798,767,5382,1042
51.342317,3.058917,2021,9,"Belgium","MATERIAL_SAMPLE",NA,NA,NA,7,6,986,982,762,732,5424,1033
51.342317,3.058917,2021,9,"Belgium","MATERIAL_SAMPLE",NA,NA,NA,7,6,986,982,762,732,5424,1033
51.342317,3.058917,2021,9,"Belgium","MATERIAL_SAMPLE",NA,NA,NA,7,6,986,982,762,732,5424,1033
51.342317,3.058917,2021,9,"Belgium","MATERIAL_SAMPLE",NA,NA,NA,7,6,986,982,762,732,5424,1033
51.342317,3.058917,2021,9,"Belgium","MATERIAL_SAMPLE",NA,NA,NA,7,6,986,982,762,732,5424,1033
51.342317,3.058917,2021,9,"Belgium","MATERIAL_SAMPLE",NA,NA,NA,7,6,986,982,762,732,5424,1033
51.342317,3.058917,2021,9,"Belgium","MATERIAL_SAMPLE",NA,NA,NA,7,6,986,982,762,732,5424,1033
51.342317,3.058917,2021,9,"Belgium","MATERIAL_SAMPLE",NA,NA,NA,7,6,986,982,762,732,5424,1033
51.342317,3.058917,2021,9,"Belgium","MATERIAL_SAMPLE",NA,NA,NA,7,6,986,982,762,732,5424,1033
51.342317,3.058917,2021,9,"Belgium","MATERIAL_SAMPLE",NA,NA,NA,7,6,986,982,762,732,5424,1033
51.342317,3.058917,2021,9,"Belgium","MATERIAL_SAMPLE",NA,NA,NA,7,6,986,982,762,732,5424,1033
57.3033,11.9883,2020,11,"Sweden","MATERIAL_SAMPLE",NA,NA,NA,973,876,175,183,228,183,6359,1430
57.3033,11.9883,2019,8,"Sweden","MATERIAL_SAMPLE",NA,NA,NA,973,876,175,183,228,183,6359,1430
58.25833,11.43333,2019,9,"Sweden","MATERIAL_SAMPLE",NA,NA,NA,955,934,73,71,211,208,6341,1538
58.25983,11.436,2019,10,"Sweden","MATERIAL_SAMPLE",NA,NA,NA,955,934,73,71,211,208,6341,1538
58.25983,11.436,2019,10,"Sweden","MATERIAL_SAMPLE",NA,NA,NA,955,934,73,71,211,208,6341,1538
58.25983,11.436,2019,10,"Sweden","MATERIAL_SAMPLE",NA,NA,NA,955,934,73,71,211,208,6341,1538
58.25983,11.436,2019,10,"Sweden","MATERIAL_SAMPLE",NA,NA,NA,955,934,73,71,211,208,6341,1538
58.25983,11.436,2019,10,"Sweden","MATERIAL_SAMPLE",NA,NA,NA,955,934,73,71,211,208,6341,1538
58.25983,11.436,2019,10,"Sweden","MATERIAL_SAMPLE",NA,NA,NA,955,934,73,71,211,208,6341,1538
58.25983,11.436,2019,10,"Sweden","MATERIAL_SAMPLE",NA,NA,NA,955,934,73,71,211,208,6341,1538
58.25983,11.436,2019,10,"Sweden","MATERIAL_SAMPLE",NA,NA,NA,955,934,73,71,211,208,6341,1538
58.25983,11.436,2019,10,"Sweden","MATERIAL_SAMPLE",NA,NA,NA,955,934,73,71,211,208,6341,1538
58.25983,11.436,2019,10,"Sweden","MATERIAL_SAMPLE",NA,NA,NA,955,934,73,71,211,208,6341,1538
58.25983,11.436,2019,10,"Sweden","MATERIAL_SAMPLE",NA,NA,NA,955,934,73,71,211,208,6341,1538
58.25833,11.44167,2019,11,"Sweden","MATERIAL_SAMPLE",NA,NA,NA,955,934,73,71,211,208,6341,1537
58.25833,11.43333,2019,11,"Sweden","MATERIAL_SAMPLE",NA,NA,NA,955,934,73,71,211,208,6341,1538
58.3125,11.7733,2017,10,"Sweden","MATERIAL_SAMPLE",58.25,11.65,10.02,967,941,84,77,222,216,6352,1536
58.3433,11.4033,2017,11,"Sweden","MATERIAL_SAMPLE",58.25,11.45,10.74,955,934,73,73,211,208,6341,1537
58.8683,11.1033,2017,11,"Sweden","MATERIAL_SAMPLE",NA,NA,NA,983,977,0,1,248,250,6367,1606
57.3033,11.9883,2017,12,"Sweden","MATERIAL_SAMPLE",NA,NA,NA,973,876,175,183,228,183,6359,1430
57.3033,11.9883,2017,12,"Sweden","MATERIAL_SAMPLE",NA,NA,NA,973,876,175,183,228,183,6359,1430
51.23,21.38,2016,4,"Poland","MATERIAL_SAMPLE",NA,NA,NA,NA,NA,NA,NA,NA,NA,NA,NA
51.23,21.38,2016,4,"Poland","MATERIAL_SAMPLE",NA,NA,NA,NA,NA,NA,NA,NA,NA,NA,NA
57.6675,11.6867,2016,10,"Sweden","MATERIAL_SAMPLE",NA,NA,NA,950,893,137,139,205,180,6336,1471
57.6675,11.68667,2007,1,"Sweden","MATERIAL_SAMPLE",NA,NA,NA,950,893,137,139,205,180,6336,1471
56.89985,9.056633,2019,NA,"Denmark","OCCURRENCE",NA,NA,NA,751,728,257,251,11,0,6138,1404
56.901317,9.057333,2019,NA,"Denmark","OCCURRENCE",NA,NA,NA,760,728,248,251,0,0,6147,1404
54.1833,7.9,NA,NA,"Germany","OCCURRENCE",NA,NA,NA,467,449,588,558,364,311,5867,1129
56.90155,9.055167,NA,NA,"Denmark","OCCURRENCE",NA,NA,NA,760,728,248,251,0,0,6147,1404
