"latitude","longitude","year","month","country","basisOfRecord","latitude_moved","longitude_moved","dist_moved","BelgiumCoast_seaway","BelgiumCoast_geodesic","Gdynia_seaway","Gdynia_geodesic","Koster_seaway","Koster_geodesic","Limfjord_seaway","Limfjord_geodesic","SWC_seaway","SWC_geodesic","TZS_seaway","TZS_geodesic","Toralla_seaway","Toralla_geodesic"
65.54835,22.23633,2023,1,"Sweden","HUMAN_OBSERVATION",NA,NA,NA,2506,1918,1259,1252,1742,940,1761,1191,1603,1036,698,638,3944,3232
65.23375,21.62991,2023,1,"Sweden","HUMAN_OBSERVATION",65.15,21.65,9.37,2456,1867,1211,1204,1693,889,1712,1139,1553,984,651,597,3895,3183
64.68461,21.22362,2023,1,"Sweden","HUMAN_OBSERVATION",NA,NA,NA,2409,1815,1163,1149,1645,837,1664,1088,1505,931,603,550,3847,3135
65.23375,21.62991,2023,1,"Sweden","HUMAN_OBSERVATION",65.15,21.65,9.37,2456,1867,1211,1204,1693,889,1712,1139,1553,984,651,597,3895,3183
59.29732,18.64977,2023,1,"Sweden","HUMAN_OBSERVATION",NA,NA,NA,1777,1317,539,540,1014,435,1032,625,874,442,286,267,3216,2675
58.89918,17.95371,2023,1,"Sweden","HUMAN_OBSERVATION",NA,NA,NA,1721,1259,496,497,957,395,976,572,818,389,345,319,3159,2617
59.16755,17.6697,2023,1,"Sweden","HUMAN_OBSERVATION",59.05,17.75,13.87,1737,1260,519,515,974,383,992,567,834,384,373,324,3176,2617
59.29732,18.64977,2023,1,"Sweden","HUMAN_OBSERVATION",NA,NA,NA,1777,1317,539,540,1014,435,1032,625,874,442,286,267,3216,2675
58.89918,17.95371,2023,1,"Sweden","HUMAN_OBSERVATION",NA,NA,NA,1721,1259,496,497,957,395,976,572,818,389,345,319,3159,2617
59.16755,17.6697,2023,1,"Sweden","HUMAN_OBSERVATION",59.05,17.75,13.87,1737,1260,519,515,974,383,992,567,834,384,373,324,3176,2617
65.645,12.71333,2022,8,"Norway","HUMAN_OBSERVATION",NA,NA,NA,1774,1683,2002,1289,1360,759,1253,993,1373,889,2432,839,3159,2930
65.69167,12.65,2022,8,"Norway","HUMAN_OBSERVATION",NA,NA,NA,1769,1686,1997,1295,1356,764,1248,998,1368,894,2427,845,3154,2932
65.645,12.71333,2022,10,"Norway","HUMAN_OBSERVATION",NA,NA,NA,1774,1683,2002,1289,1360,759,1253,993,1373,889,2432,839,3159,2930
65.69167,12.65,2022,10,"Norway","HUMAN_OBSERVATION",NA,NA,NA,1769,1686,1997,1295,1356,764,1248,998,1368,894,2427,845,3154,2932
53.593417,8.164766,2019,12,"Germany","HUMAN_OBSERVATION",53.65,8.15000000000001,6.37,469,425,1237,693,643,610,420,367,616,502,1666,1148,1922,1784
54.38347,18.5534,2018,1,"Poland","HUMAN_OBSERVATION",54.45,18.65,9.7,1576,1096,0,0,813,675,831,662,673,561,665,661,3015,2421
54.38347,18.5534,2018,1,"Poland","HUMAN_OBSERVATION",54.45,18.65,9.7,1576,1096,0,0,813,675,831,662,673,561,665,661,3015,2421
54.38598,18.66283,2018,1,"Poland","HUMAN_OBSERVATION",54.45,18.65,7.17,1576,1096,0,0,813,675,831,662,673,561,665,661,3015,2421
54.38598,18.66283,2018,1,"Poland","HUMAN_OBSERVATION",54.45,18.65,7.17,1576,1096,0,0,813,675,831,662,673,561,665,661,3015,2421
54.40428,18.66648,2018,1,"Poland","HUMAN_OBSERVATION",NA,NA,NA,1576,1096,0,5,813,680,831,665,673,565,665,666,3015,2420
54.40428,18.66648,2018,1,"Poland","HUMAN_OBSERVATION",NA,NA,NA,1576,1096,0,5,813,680,831,665,673,565,665,666,3015,2420
54.5455,18.50767,2018,1,"Poland","HUMAN_OBSERVATION",54.65,18.55,11.95,1553,1094,23,23,790,654,808,646,650,541,647,644,2992,2424
54.5455,18.50767,2018,1,"Poland","HUMAN_OBSERVATION",54.65,18.55,11.95,1553,1094,23,23,790,654,808,646,650,541,647,644,2992,2424
54.53372,18.52503,2018,1,"Poland","HUMAN_OBSERVATION",54.55,18.65,8.27,1566,1098,11,11,803,667,821,657,663,554,655,651,3004,2426
54.53372,18.52503,2018,1,"Poland","HUMAN_OBSERVATION",54.55,18.65,8.27,1566,1098,11,11,803,667,821,657,663,554,655,651,3004,2426
54.5455,18.50767,2018,1,"Poland","HUMAN_OBSERVATION",54.65,18.55,11.95,1553,1094,23,23,790,654,808,646,650,541,647,644,2992,2424
54.5455,18.50767,2018,1,"Poland","HUMAN_OBSERVATION",54.65,18.55,11.95,1553,1094,23,23,790,654,808,646,650,541,647,644,2992,2424
54.7959,18.41538,2018,1,"Poland","HUMAN_OBSERVATION",NA,NA,NA,1540,1090,36,41,777,636,795,631,637,524,639,633,2979,2423
54.7959,18.41538,2018,1,"Poland","HUMAN_OBSERVATION",NA,NA,NA,1540,1090,36,41,777,636,795,631,637,524,639,633,2979,2423
54.79487,18.41897,2018,1,"Poland","HUMAN_OBSERVATION",NA,NA,NA,1540,1090,36,41,777,636,795,631,637,524,639,633,2979,2423
54.79487,18.41897,2018,1,"Poland","HUMAN_OBSERVATION",NA,NA,NA,1540,1090,36,41,777,636,795,631,637,524,639,633,2979,2423
54.79668,18.42112,2018,1,"Poland","HUMAN_OBSERVATION",NA,NA,NA,1540,1090,36,41,777,636,795,631,637,524,639,632,2979,2423
54.79668,18.42112,2018,1,"Poland","HUMAN_OBSERVATION",NA,NA,NA,1540,1090,36,41,777,636,795,631,637,524,639,632,2979,2423
54.38347,18.5534,2018,2,"Poland","HUMAN_OBSERVATION",54.45,18.65,9.7,1576,1096,0,0,813,675,831,662,673,561,665,661,3015,2421
54.38347,18.5534,2018,2,"Poland","HUMAN_OBSERVATION",54.45,18.65,9.7,1576,1096,0,0,813,675,831,662,673,561,665,661,3015,2421
54.38598,18.66283,2018,2,"Poland","HUMAN_OBSERVATION",54.45,18.65,7.17,1576,1096,0,0,813,675,831,662,673,561,665,661,3015,2421
54.38598,18.66283,2018,2,"Poland","HUMAN_OBSERVATION",54.45,18.65,7.17,1576,1096,0,0,813,675,831,662,673,561,665,661,3015,2421
54.40428,18.66648,2018,2,"Poland","HUMAN_OBSERVATION",NA,NA,NA,1576,1096,0,5,813,680,831,665,673,565,665,666,3015,2420
54.40428,18.66648,2018,2,"Poland","HUMAN_OBSERVATION",NA,NA,NA,1576,1096,0,5,813,680,831,665,673,565,665,666,3015,2420
54.5455,18.50767,2018,2,"Poland","HUMAN_OBSERVATION",54.65,18.55,11.95,1553,1094,23,23,790,654,808,646,650,541,647,644,2992,2424
54.5455,18.50767,2018,2,"Poland","HUMAN_OBSERVATION",54.65,18.55,11.95,1553,1094,23,23,790,654,808,646,650,541,647,644,2992,2424
54.53372,18.52503,2018,2,"Poland","HUMAN_OBSERVATION",54.55,18.65,8.27,1566,1098,11,11,803,667,821,657,663,554,655,651,3004,2426
54.53372,18.52503,2018,2,"Poland","HUMAN_OBSERVATION",54.55,18.65,8.27,1566,1098,11,11,803,667,821,657,663,554,655,651,3004,2426
54.5455,18.50767,2018,2,"Poland","HUMAN_OBSERVATION",54.65,18.55,11.95,1553,1094,23,23,790,654,808,646,650,541,647,644,2992,2424
54.5455,18.50767,2018,2,"Poland","HUMAN_OBSERVATION",54.65,18.55,11.95,1553,1094,23,23,790,654,808,646,650,541,647,644,2992,2424
54.79487,18.41897,2018,2,"Poland","HUMAN_OBSERVATION",NA,NA,NA,1540,1090,36,41,777,636,795,631,637,524,639,633,2979,2423
54.79487,18.41897,2018,2,"Poland","HUMAN_OBSERVATION",NA,NA,NA,1540,1090,36,41,777,636,795,631,637,524,639,633,2979,2423
54.79668,18.42112,2018,2,"Poland","HUMAN_OBSERVATION",NA,NA,NA,1540,1090,36,41,777,636,795,631,637,524,639,632,2979,2423
54.79668,18.42112,2018,2,"Poland","HUMAN_OBSERVATION",NA,NA,NA,1540,1090,36,41,777,636,795,631,637,524,639,632,2979,2423
54.5455,18.50767,2018,3,"Poland","HUMAN_OBSERVATION",54.65,18.55,11.95,1553,1094,23,23,790,654,808,646,650,541,647,644,2992,2424
54.5455,18.50767,2018,3,"Poland","HUMAN_OBSERVATION",54.65,18.55,11.95,1553,1094,23,23,790,654,808,646,650,541,647,644,2992,2424
54.5455,18.50767,2018,3,"Poland","HUMAN_OBSERVATION",54.65,18.55,11.95,1553,1094,23,23,790,654,808,646,650,541,647,644,2992,2424
54.5455,18.50767,2018,3,"Poland","HUMAN_OBSERVATION",54.65,18.55,11.95,1553,1094,23,23,790,654,808,646,650,541,647,644,2992,2424
54.7959,18.41538,2018,3,"Poland","HUMAN_OBSERVATION",NA,NA,NA,1540,1090,36,41,777,636,795,631,637,524,639,633,2979,2423
54.7959,18.41538,2018,3,"Poland","HUMAN_OBSERVATION",NA,NA,NA,1540,1090,36,41,777,636,795,631,637,524,639,633,2979,2423
54.79487,18.41897,2018,3,"Poland","HUMAN_OBSERVATION",NA,NA,NA,1540,1090,36,41,777,636,795,631,637,524,639,633,2979,2423
54.79487,18.41897,2018,3,"Poland","HUMAN_OBSERVATION",NA,NA,NA,1540,1090,36,41,777,636,795,631,637,524,639,633,2979,2423
54.79668,18.42112,2018,3,"Poland","HUMAN_OBSERVATION",NA,NA,NA,1540,1090,36,41,777,636,795,631,637,524,639,632,2979,2423
54.79668,18.42112,2018,3,"Poland","HUMAN_OBSERVATION",NA,NA,NA,1540,1090,36,41,777,636,795,631,637,524,639,632,2979,2423
54.38347,18.5534,2018,4,"Poland","HUMAN_OBSERVATION",54.45,18.65,9.7,1576,1096,0,0,813,675,831,662,673,561,665,661,3015,2421
54.38347,18.5534,2018,4,"Poland","HUMAN_OBSERVATION",54.45,18.65,9.7,1576,1096,0,0,813,675,831,662,673,561,665,661,3015,2421
54.38598,18.66283,2018,4,"Poland","HUMAN_OBSERVATION",54.45,18.65,7.17,1576,1096,0,0,813,675,831,662,673,561,665,661,3015,2421
54.38598,18.66283,2018,4,"Poland","HUMAN_OBSERVATION",54.45,18.65,7.17,1576,1096,0,0,813,675,831,662,673,561,665,661,3015,2421
54.40428,18.66648,2018,4,"Poland","HUMAN_OBSERVATION",NA,NA,NA,1576,1096,0,5,813,680,831,665,673,565,665,666,3015,2420
54.40428,18.66648,2018,4,"Poland","HUMAN_OBSERVATION",NA,NA,NA,1576,1096,0,5,813,680,831,665,673,565,665,666,3015,2420
54.53372,18.52503,2018,4,"Poland","HUMAN_OBSERVATION",54.55,18.65,8.27,1566,1098,11,11,803,667,821,657,663,554,655,651,3004,2426
54.53372,18.52503,2018,4,"Poland","HUMAN_OBSERVATION",54.55,18.65,8.27,1566,1098,11,11,803,667,821,657,663,554,655,651,3004,2426
54.7959,18.41538,2018,4,"Poland","HUMAN_OBSERVATION",NA,NA,NA,1540,1090,36,41,777,636,795,631,637,524,639,633,2979,2423
54.7959,18.41538,2018,4,"Poland","HUMAN_OBSERVATION",NA,NA,NA,1540,1090,36,41,777,636,795,631,637,524,639,633,2979,2423
54.79487,18.41897,2018,4,"Poland","HUMAN_OBSERVATION",NA,NA,NA,1540,1090,36,41,777,636,795,631,637,524,639,633,2979,2423
54.79487,18.41897,2018,4,"Poland","HUMAN_OBSERVATION",NA,NA,NA,1540,1090,36,41,777,636,795,631,637,524,639,633,2979,2423
54.79668,18.42112,2018,4,"Poland","HUMAN_OBSERVATION",NA,NA,NA,1540,1090,36,41,777,636,795,631,637,524,639,632,2979,2423
54.79668,18.42112,2018,4,"Poland","HUMAN_OBSERVATION",NA,NA,NA,1540,1090,36,41,777,636,795,631,637,524,639,632,2979,2423
54.38347,18.5534,2018,5,"Poland","HUMAN_OBSERVATION",54.45,18.65,9.7,1576,1096,0,0,813,675,831,662,673,561,665,661,3015,2421
54.38347,18.5534,2018,5,"Poland","HUMAN_OBSERVATION",54.45,18.65,9.7,1576,1096,0,0,813,675,831,662,673,561,665,661,3015,2421
54.38598,18.66283,2018,5,"Poland","HUMAN_OBSERVATION",54.45,18.65,7.17,1576,1096,0,0,813,675,831,662,673,561,665,661,3015,2421
54.38598,18.66283,2018,5,"Poland","HUMAN_OBSERVATION",54.45,18.65,7.17,1576,1096,0,0,813,675,831,662,673,561,665,661,3015,2421
54.40428,18.66648,2018,5,"Poland","HUMAN_OBSERVATION",NA,NA,NA,1576,1096,0,5,813,680,831,665,673,565,665,666,3015,2420
54.40428,18.66648,2018,5,"Poland","HUMAN_OBSERVATION",NA,NA,NA,1576,1096,0,5,813,680,831,665,673,565,665,666,3015,2420
54.5455,18.50767,2018,5,"Poland","HUMAN_OBSERVATION",54.65,18.55,11.95,1553,1094,23,23,790,654,808,646,650,541,647,644,2992,2424
54.5455,18.50767,2018,5,"Poland","HUMAN_OBSERVATION",54.65,18.55,11.95,1553,1094,23,23,790,654,808,646,650,541,647,644,2992,2424
54.53372,18.52503,2018,5,"Poland","HUMAN_OBSERVATION",54.55,18.65,8.27,1566,1098,11,11,803,667,821,657,663,554,655,651,3004,2426
54.53372,18.52503,2018,5,"Poland","HUMAN_OBSERVATION",54.55,18.65,8.27,1566,1098,11,11,803,667,821,657,663,554,655,651,3004,2426
54.5455,18.50767,2018,5,"Poland","HUMAN_OBSERVATION",54.65,18.55,11.95,1553,1094,23,23,790,654,808,646,650,541,647,644,2992,2424
54.5455,18.50767,2018,5,"Poland","HUMAN_OBSERVATION",54.65,18.55,11.95,1553,1094,23,23,790,654,808,646,650,541,647,644,2992,2424
54.7959,18.41538,2018,5,"Poland","HUMAN_OBSERVATION",NA,NA,NA,1540,1090,36,41,777,636,795,631,637,524,639,633,2979,2423
54.7959,18.41538,2018,5,"Poland","HUMAN_OBSERVATION",NA,NA,NA,1540,1090,36,41,777,636,795,631,637,524,639,633,2979,2423
54.79487,18.41897,2018,5,"Poland","HUMAN_OBSERVATION",NA,NA,NA,1540,1090,36,41,777,636,795,631,637,524,639,633,2979,2423
54.79487,18.41897,2018,5,"Poland","HUMAN_OBSERVATION",NA,NA,NA,1540,1090,36,41,777,636,795,631,637,524,639,633,2979,2423
54.79668,18.42112,2018,5,"Poland","HUMAN_OBSERVATION",NA,NA,NA,1540,1090,36,41,777,636,795,631,637,524,639,632,2979,2423
54.79668,18.42112,2018,5,"Poland","HUMAN_OBSERVATION",NA,NA,NA,1540,1090,36,41,777,636,795,631,637,524,639,632,2979,2423
54.38347,18.5534,2018,6,"Poland","HUMAN_OBSERVATION",54.45,18.65,9.7,1576,1096,0,0,813,675,831,662,673,561,665,661,3015,2421
54.38347,18.5534,2018,6,"Poland","HUMAN_OBSERVATION",54.45,18.65,9.7,1576,1096,0,0,813,675,831,662,673,561,665,661,3015,2421
54.38598,18.66283,2018,6,"Poland","HUMAN_OBSERVATION",54.45,18.65,7.17,1576,1096,0,0,813,675,831,662,673,561,665,661,3015,2421
54.38598,18.66283,2018,6,"Poland","HUMAN_OBSERVATION",54.45,18.65,7.17,1576,1096,0,0,813,675,831,662,673,561,665,661,3015,2421
54.40428,18.66648,2018,6,"Poland","HUMAN_OBSERVATION",NA,NA,NA,1576,1096,0,5,813,680,831,665,673,565,665,666,3015,2420
54.40428,18.66648,2018,6,"Poland","HUMAN_OBSERVATION",NA,NA,NA,1576,1096,0,5,813,680,831,665,673,565,665,666,3015,2420
54.5455,18.50767,2018,6,"Poland","HUMAN_OBSERVATION",54.65,18.55,11.95,1553,1094,23,23,790,654,808,646,650,541,647,644,2992,2424
54.5455,18.50767,2018,6,"Poland","HUMAN_OBSERVATION",54.65,18.55,11.95,1553,1094,23,23,790,654,808,646,650,541,647,644,2992,2424
54.53372,18.52503,2018,6,"Poland","HUMAN_OBSERVATION",54.55,18.65,8.27,1566,1098,11,11,803,667,821,657,663,554,655,651,3004,2426
54.53372,18.52503,2018,6,"Poland","HUMAN_OBSERVATION",54.55,18.65,8.27,1566,1098,11,11,803,667,821,657,663,554,655,651,3004,2426
54.5455,18.50767,2018,6,"Poland","HUMAN_OBSERVATION",54.65,18.55,11.95,1553,1094,23,23,790,654,808,646,650,541,647,644,2992,2424
54.5455,18.50767,2018,6,"Poland","HUMAN_OBSERVATION",54.65,18.55,11.95,1553,1094,23,23,790,654,808,646,650,541,647,644,2992,2424
54.7959,18.41538,2018,6,"Poland","HUMAN_OBSERVATION",NA,NA,NA,1540,1090,36,41,777,636,795,631,637,524,639,633,2979,2423
54.7959,18.41538,2018,6,"Poland","HUMAN_OBSERVATION",NA,NA,NA,1540,1090,36,41,777,636,795,631,637,524,639,633,2979,2423
54.79487,18.41897,2018,6,"Poland","HUMAN_OBSERVATION",NA,NA,NA,1540,1090,36,41,777,636,795,631,637,524,639,633,2979,2423
54.79487,18.41897,2018,6,"Poland","HUMAN_OBSERVATION",NA,NA,NA,1540,1090,36,41,777,636,795,631,637,524,639,633,2979,2423
54.79668,18.42112,2018,6,"Poland","HUMAN_OBSERVATION",NA,NA,NA,1540,1090,36,41,777,636,795,631,637,524,639,632,2979,2423
54.79668,18.42112,2018,6,"Poland","HUMAN_OBSERVATION",NA,NA,NA,1540,1090,36,41,777,636,795,631,637,524,639,632,2979,2423
54.38347,18.5534,2018,7,"Poland","HUMAN_OBSERVATION",54.45,18.65,9.7,1576,1096,0,0,813,675,831,662,673,561,665,661,3015,2421
54.38347,18.5534,2018,7,"Poland","HUMAN_OBSERVATION",54.45,18.65,9.7,1576,1096,0,0,813,675,831,662,673,561,665,661,3015,2421
54.38598,18.66283,2018,7,"Poland","HUMAN_OBSERVATION",54.45,18.65,7.17,1576,1096,0,0,813,675,831,662,673,561,665,661,3015,2421
54.38598,18.66283,2018,7,"Poland","HUMAN_OBSERVATION",54.45,18.65,7.17,1576,1096,0,0,813,675,831,662,673,561,665,661,3015,2421
54.40428,18.66648,2018,7,"Poland","HUMAN_OBSERVATION",NA,NA,NA,1576,1096,0,5,813,680,831,665,673,565,665,666,3015,2420
54.40428,18.66648,2018,7,"Poland","HUMAN_OBSERVATION",NA,NA,NA,1576,1096,0,5,813,680,831,665,673,565,665,666,3015,2420
54.5455,18.50767,2018,7,"Poland","HUMAN_OBSERVATION",54.65,18.55,11.95,1553,1094,23,23,790,654,808,646,650,541,647,644,2992,2424
54.5455,18.50767,2018,7,"Poland","HUMAN_OBSERVATION",54.65,18.55,11.95,1553,1094,23,23,790,654,808,646,650,541,647,644,2992,2424
54.53372,18.52503,2018,7,"Poland","HUMAN_OBSERVATION",54.55,18.65,8.27,1566,1098,11,11,803,667,821,657,663,554,655,651,3004,2426
54.53372,18.52503,2018,7,"Poland","HUMAN_OBSERVATION",54.55,18.65,8.27,1566,1098,11,11,803,667,821,657,663,554,655,651,3004,2426
54.5455,18.50767,2018,7,"Poland","HUMAN_OBSERVATION",54.65,18.55,11.95,1553,1094,23,23,790,654,808,646,650,541,647,644,2992,2424
54.5455,18.50767,2018,7,"Poland","HUMAN_OBSERVATION",54.65,18.55,11.95,1553,1094,23,23,790,654,808,646,650,541,647,644,2992,2424
54.7959,18.41538,2018,7,"Poland","HUMAN_OBSERVATION",NA,NA,NA,1540,1090,36,41,777,636,795,631,637,524,639,633,2979,2423
54.7959,18.41538,2018,7,"Poland","HUMAN_OBSERVATION",NA,NA,NA,1540,1090,36,41,777,636,795,631,637,524,639,633,2979,2423
54.38347,18.5534,2018,8,"Poland","HUMAN_OBSERVATION",54.45,18.65,9.7,1576,1096,0,0,813,675,831,662,673,561,665,661,3015,2421
54.38347,18.5534,2018,8,"Poland","HUMAN_OBSERVATION",54.45,18.65,9.7,1576,1096,0,0,813,675,831,662,673,561,665,661,3015,2421
54.38598,18.66283,2018,8,"Poland","HUMAN_OBSERVATION",54.45,18.65,7.17,1576,1096,0,0,813,675,831,662,673,561,665,661,3015,2421
54.38598,18.66283,2018,8,"Poland","HUMAN_OBSERVATION",54.45,18.65,7.17,1576,1096,0,0,813,675,831,662,673,561,665,661,3015,2421
54.40428,18.66648,2018,8,"Poland","HUMAN_OBSERVATION",NA,NA,NA,1576,1096,0,5,813,680,831,665,673,565,665,666,3015,2420
54.40428,18.66648,2018,8,"Poland","HUMAN_OBSERVATION",NA,NA,NA,1576,1096,0,5,813,680,831,665,673,565,665,666,3015,2420
54.5455,18.50767,2018,8,"Poland","HUMAN_OBSERVATION",54.65,18.55,11.95,1553,1094,23,23,790,654,808,646,650,541,647,644,2992,2424
54.5455,18.50767,2018,8,"Poland","HUMAN_OBSERVATION",54.65,18.55,11.95,1553,1094,23,23,790,654,808,646,650,541,647,644,2992,2424
54.53372,18.52503,2018,8,"Poland","HUMAN_OBSERVATION",54.55,18.65,8.27,1566,1098,11,11,803,667,821,657,663,554,655,651,3004,2426
54.53372,18.52503,2018,8,"Poland","HUMAN_OBSERVATION",54.55,18.65,8.27,1566,1098,11,11,803,667,821,657,663,554,655,651,3004,2426
54.5455,18.50767,2018,8,"Poland","HUMAN_OBSERVATION",54.65,18.55,11.95,1553,1094,23,23,790,654,808,646,650,541,647,644,2992,2424
54.5455,18.50767,2018,8,"Poland","HUMAN_OBSERVATION",54.65,18.55,11.95,1553,1094,23,23,790,654,808,646,650,541,647,644,2992,2424
54.7959,18.41538,2018,8,"Poland","HUMAN_OBSERVATION",NA,NA,NA,1540,1090,36,41,777,636,795,631,637,524,639,633,2979,2423
54.7959,18.41538,2018,8,"Poland","HUMAN_OBSERVATION",NA,NA,NA,1540,1090,36,41,777,636,795,631,637,524,639,633,2979,2423
54.79487,18.41897,2018,8,"Poland","HUMAN_OBSERVATION",NA,NA,NA,1540,1090,36,41,777,636,795,631,637,524,639,633,2979,2423
54.79487,18.41897,2018,8,"Poland","HUMAN_OBSERVATION",NA,NA,NA,1540,1090,36,41,777,636,795,631,637,524,639,633,2979,2423
54.79668,18.42112,2018,8,"Poland","HUMAN_OBSERVATION",NA,NA,NA,1540,1090,36,41,777,636,795,631,637,524,639,632,2979,2423
54.79668,18.42112,2018,8,"Poland","HUMAN_OBSERVATION",NA,NA,NA,1540,1090,36,41,777,636,795,631,637,524,639,632,2979,2423
54.38347,18.5534,2018,9,"Poland","HUMAN_OBSERVATION",54.45,18.65,9.7,1576,1096,0,0,813,675,831,662,673,561,665,661,3015,2421
54.38347,18.5534,2018,9,"Poland","HUMAN_OBSERVATION",54.45,18.65,9.7,1576,1096,0,0,813,675,831,662,673,561,665,661,3015,2421
54.38598,18.66283,2018,9,"Poland","HUMAN_OBSERVATION",54.45,18.65,7.17,1576,1096,0,0,813,675,831,662,673,561,665,661,3015,2421
54.38598,18.66283,2018,9,"Poland","HUMAN_OBSERVATION",54.45,18.65,7.17,1576,1096,0,0,813,675,831,662,673,561,665,661,3015,2421
54.40428,18.66648,2018,9,"Poland","HUMAN_OBSERVATION",NA,NA,NA,1576,1096,0,5,813,680,831,665,673,565,665,666,3015,2420
54.40428,18.66648,2018,9,"Poland","HUMAN_OBSERVATION",NA,NA,NA,1576,1096,0,5,813,680,831,665,673,565,665,666,3015,2420
54.5455,18.50767,2018,9,"Poland","HUMAN_OBSERVATION",54.65,18.55,11.95,1553,1094,23,23,790,654,808,646,650,541,647,644,2992,2424
54.5455,18.50767,2018,9,"Poland","HUMAN_OBSERVATION",54.65,18.55,11.95,1553,1094,23,23,790,654,808,646,650,541,647,644,2992,2424
54.53372,18.52503,2018,9,"Poland","HUMAN_OBSERVATION",54.55,18.65,8.27,1566,1098,11,11,803,667,821,657,663,554,655,651,3004,2426
54.53372,18.52503,2018,9,"Poland","HUMAN_OBSERVATION",54.55,18.65,8.27,1566,1098,11,11,803,667,821,657,663,554,655,651,3004,2426
54.5455,18.50767,2018,9,"Poland","HUMAN_OBSERVATION",54.65,18.55,11.95,1553,1094,23,23,790,654,808,646,650,541,647,644,2992,2424
54.5455,18.50767,2018,9,"Poland","HUMAN_OBSERVATION",54.65,18.55,11.95,1553,1094,23,23,790,654,808,646,650,541,647,644,2992,2424
54.7959,18.41538,2018,9,"Poland","HUMAN_OBSERVATION",NA,NA,NA,1540,1090,36,41,777,636,795,631,637,524,639,633,2979,2423
54.7959,18.41538,2018,9,"Poland","HUMAN_OBSERVATION",NA,NA,NA,1540,1090,36,41,777,636,795,631,637,524,639,633,2979,2423
54.79487,18.41897,2018,9,"Poland","HUMAN_OBSERVATION",NA,NA,NA,1540,1090,36,41,777,636,795,631,637,524,639,633,2979,2423
54.79487,18.41897,2018,9,"Poland","HUMAN_OBSERVATION",NA,NA,NA,1540,1090,36,41,777,636,795,631,637,524,639,633,2979,2423
54.79668,18.42112,2018,9,"Poland","HUMAN_OBSERVATION",NA,NA,NA,1540,1090,36,41,777,636,795,631,637,524,639,632,2979,2423
54.79668,18.42112,2018,9,"Poland","HUMAN_OBSERVATION",NA,NA,NA,1540,1090,36,41,777,636,795,631,637,524,639,632,2979,2423
54.38347,18.5534,2018,10,"Poland","HUMAN_OBSERVATION",54.45,18.65,9.7,1576,1096,0,0,813,675,831,662,673,561,665,661,3015,2421
54.38347,18.5534,2018,10,"Poland","HUMAN_OBSERVATION",54.45,18.65,9.7,1576,1096,0,0,813,675,831,662,673,561,665,661,3015,2421
54.38598,18.66283,2018,10,"Poland","HUMAN_OBSERVATION",54.45,18.65,7.17,1576,1096,0,0,813,675,831,662,673,561,665,661,3015,2421
54.38598,18.66283,2018,10,"Poland","HUMAN_OBSERVATION",54.45,18.65,7.17,1576,1096,0,0,813,675,831,662,673,561,665,661,3015,2421
54.40428,18.66648,2018,10,"Poland","HUMAN_OBSERVATION",NA,NA,NA,1576,1096,0,5,813,680,831,665,673,565,665,666,3015,2420
54.40428,18.66648,2018,10,"Poland","HUMAN_OBSERVATION",NA,NA,NA,1576,1096,0,5,813,680,831,665,673,565,665,666,3015,2420
54.5455,18.50767,2018,10,"Poland","HUMAN_OBSERVATION",54.65,18.55,11.95,1553,1094,23,23,790,654,808,646,650,541,647,644,2992,2424
54.5455,18.50767,2018,10,"Poland","HUMAN_OBSERVATION",54.65,18.55,11.95,1553,1094,23,23,790,654,808,646,650,541,647,644,2992,2424
54.53372,18.52503,2018,10,"Poland","HUMAN_OBSERVATION",54.55,18.65,8.27,1566,1098,11,11,803,667,821,657,663,554,655,651,3004,2426
54.53372,18.52503,2018,10,"Poland","HUMAN_OBSERVATION",54.55,18.65,8.27,1566,1098,11,11,803,667,821,657,663,554,655,651,3004,2426
54.5455,18.50767,2018,10,"Poland","HUMAN_OBSERVATION",54.65,18.55,11.95,1553,1094,23,23,790,654,808,646,650,541,647,644,2992,2424
54.5455,18.50767,2018,10,"Poland","HUMAN_OBSERVATION",54.65,18.55,11.95,1553,1094,23,23,790,654,808,646,650,541,647,644,2992,2424
54.7959,18.41538,2018,10,"Poland","HUMAN_OBSERVATION",NA,NA,NA,1540,1090,36,41,777,636,795,631,637,524,639,633,2979,2423
54.7959,18.41538,2018,10,"Poland","HUMAN_OBSERVATION",NA,NA,NA,1540,1090,36,41,777,636,795,631,637,524,639,633,2979,2423
54.79487,18.41897,2018,10,"Poland","HUMAN_OBSERVATION",NA,NA,NA,1540,1090,36,41,777,636,795,631,637,524,639,633,2979,2423
54.79487,18.41897,2018,10,"Poland","HUMAN_OBSERVATION",NA,NA,NA,1540,1090,36,41,777,636,795,631,637,524,639,633,2979,2423
54.79668,18.42112,2018,10,"Poland","HUMAN_OBSERVATION",NA,NA,NA,1540,1090,36,41,777,636,795,631,637,524,639,632,2979,2423
54.79668,18.42112,2018,10,"Poland","HUMAN_OBSERVATION",NA,NA,NA,1540,1090,36,41,777,636,795,631,637,524,639,632,2979,2423
54.38347,18.5534,2018,11,"Poland","HUMAN_OBSERVATION",54.45,18.65,9.7,1576,1096,0,0,813,675,831,662,673,561,665,661,3015,2421
54.38347,18.5534,2018,11,"Poland","HUMAN_OBSERVATION",54.45,18.65,9.7,1576,1096,0,0,813,675,831,662,673,561,665,661,3015,2421
54.38598,18.66283,2018,11,"Poland","HUMAN_OBSERVATION",54.45,18.65,7.17,1576,1096,0,0,813,675,831,662,673,561,665,661,3015,2421
54.38598,18.66283,2018,11,"Poland","HUMAN_OBSERVATION",54.45,18.65,7.17,1576,1096,0,0,813,675,831,662,673,561,665,661,3015,2421
54.40428,18.66648,2018,11,"Poland","HUMAN_OBSERVATION",NA,NA,NA,1576,1096,0,5,813,680,831,665,673,565,665,666,3015,2420
54.40428,18.66648,2018,11,"Poland","HUMAN_OBSERVATION",NA,NA,NA,1576,1096,0,5,813,680,831,665,673,565,665,666,3015,2420
54.5455,18.50767,2018,11,"Poland","HUMAN_OBSERVATION",54.65,18.55,11.95,1553,1094,23,23,790,654,808,646,650,541,647,644,2992,2424
54.5455,18.50767,2018,11,"Poland","HUMAN_OBSERVATION",54.65,18.55,11.95,1553,1094,23,23,790,654,808,646,650,541,647,644,2992,2424
54.53372,18.52503,2018,11,"Poland","HUMAN_OBSERVATION",54.55,18.65,8.27,1566,1098,11,11,803,667,821,657,663,554,655,651,3004,2426
54.53372,18.52503,2018,11,"Poland","HUMAN_OBSERVATION",54.55,18.65,8.27,1566,1098,11,11,803,667,821,657,663,554,655,651,3004,2426
54.5455,18.50767,2018,11,"Poland","HUMAN_OBSERVATION",54.65,18.55,11.95,1553,1094,23,23,790,654,808,646,650,541,647,644,2992,2424
54.5455,18.50767,2018,11,"Poland","HUMAN_OBSERVATION",54.65,18.55,11.95,1553,1094,23,23,790,654,808,646,650,541,647,644,2992,2424
54.7959,18.41538,2018,11,"Poland","HUMAN_OBSERVATION",NA,NA,NA,1540,1090,36,41,777,636,795,631,637,524,639,633,2979,2423
54.7959,18.41538,2018,11,"Poland","HUMAN_OBSERVATION",NA,NA,NA,1540,1090,36,41,777,636,795,631,637,524,639,633,2979,2423
54.79487,18.41897,2018,11,"Poland","HUMAN_OBSERVATION",NA,NA,NA,1540,1090,36,41,777,636,795,631,637,524,639,633,2979,2423
54.79487,18.41897,2018,11,"Poland","HUMAN_OBSERVATION",NA,NA,NA,1540,1090,36,41,777,636,795,631,637,524,639,633,2979,2423
54.79668,18.42112,2018,11,"Poland","HUMAN_OBSERVATION",NA,NA,NA,1540,1090,36,41,777,636,795,631,637,524,639,632,2979,2423
54.79668,18.42112,2018,11,"Poland","HUMAN_OBSERVATION",NA,NA,NA,1540,1090,36,41,777,636,795,631,637,524,639,632,2979,2423
54.7959,18.41538,2018,12,"Poland","HUMAN_OBSERVATION",NA,NA,NA,1540,1090,36,41,777,636,795,631,637,524,639,633,2979,2423
54.7959,18.41538,2018,12,"Poland","HUMAN_OBSERVATION",NA,NA,NA,1540,1090,36,41,777,636,795,631,637,524,639,633,2979,2423
54.79487,18.41897,2018,12,"Poland","HUMAN_OBSERVATION",NA,NA,NA,1540,1090,36,41,777,636,795,631,637,524,639,633,2979,2423
54.79487,18.41897,2018,12,"Poland","HUMAN_OBSERVATION",NA,NA,NA,1540,1090,36,41,777,636,795,631,637,524,639,633,2979,2423
54.79668,18.42112,2018,12,"Poland","HUMAN_OBSERVATION",NA,NA,NA,1540,1090,36,41,777,636,795,631,637,524,639,632,2979,2423
54.79668,18.42112,2018,12,"Poland","HUMAN_OBSERVATION",NA,NA,NA,1540,1090,36,41,777,636,795,631,637,524,639,632,2979,2423
54.59867,18.8265,2012,4,"Poland","HUMAN_OBSERVATION",NA,NA,NA,1574,1111,17,20,811,670,830,664,671,559,650,642,3013,2438
54.38235,18.96403,2012,4,"Poland","HUMAN_OBSERVATION",54.35,19.05,6.64,1600,1119,30,28,837,701,855,690,697,588,666,662,3039,2441
59.840507,29.028552,2012,9,"Russian Federation","HUMAN_OBSERVATION",59.85,28.95,4.52,2324,1864,960,864,1560,1018,1579,1204,1420,1022,328,320,3762,3222
55.615479,12.4152,2011,5,"Denmark","HUMAN_OBSERVATION",55.55,12.45,7.61,1147,774,453,415,384,379,402,259,244,241,882,800,2585,2133
54.4501,19.6577,2005,4,"Poland","HUMAN_OBSERVATION",54.45,19.55,6.97,1624,1153,58,58,860,714,879,714,720,605,644,641,3062,2475
54.3993,19.5353,2005,4,"Poland","HUMAN_OBSERVATION",54.45,19.55,5.72,1624,1153,58,58,860,714,879,714,720,605,644,641,3062,2475
54.4274,19.726,2005,6,"Poland","HUMAN_OBSERVATION",54.55,19.75,13.74,1632,1168,75,72,869,715,887,720,729,608,629,626,3071,2491
54.4473,19.7254,2005,6,"Poland","HUMAN_OBSERVATION",54.55,19.75,11.54,1632,1168,75,72,869,715,887,720,729,608,629,626,3071,2491
54.4473,19.7254,2005,6,"Poland","HUMAN_OBSERVATION",54.55,19.75,11.54,1632,1168,75,72,869,715,887,720,729,608,629,626,3071,2491
54.4501,19.6577,2005,6,"Poland","HUMAN_OBSERVATION",54.45,19.55,6.97,1624,1153,58,58,860,714,879,714,720,605,644,641,3062,2475
54.3457,19.3558,2005,6,"Poland","HUMAN_OBSERVATION",54.45,19.35,11.62,1611,1140,45,45,847,705,866,702,708,595,649,645,3049,2463
54.4501,19.6577,2004,5,"Poland","HUMAN_OBSERVATION",54.45,19.55,6.97,1624,1153,58,58,860,714,879,714,720,605,644,641,3062,2475
54.4501,19.6577,2004,5,"Poland","HUMAN_OBSERVATION",54.45,19.55,6.97,1624,1153,58,58,860,714,879,714,720,605,644,641,3062,2475
54.3993,19.5353,2004,5,"Poland","HUMAN_OBSERVATION",54.45,19.55,5.72,1624,1153,58,58,860,714,879,714,720,605,644,641,3062,2475
54.3456,19.5766,2004,6,"Poland","HUMAN_OBSERVATION",54.45,19.55,11.75,1624,1153,58,58,860,714,879,714,720,605,644,641,3062,2475
54.3456,19.5766,2004,6,"Poland","HUMAN_OBSERVATION",54.45,19.55,11.75,1624,1153,58,58,860,714,879,714,720,605,644,641,3062,2475
54.3922,19.6412,2004,6,"Poland","HUMAN_OBSERVATION",54.45,19.55,8.73,1624,1153,58,58,860,714,879,714,720,605,644,641,3062,2475
54.3922,19.6412,2004,6,"Poland","HUMAN_OBSERVATION",54.45,19.55,8.73,1624,1153,58,58,860,714,879,714,720,605,644,641,3062,2475
54.4274,19.726,2004,6,"Poland","HUMAN_OBSERVATION",54.55,19.75,13.74,1632,1168,75,72,869,715,887,720,729,608,629,626,3071,2491
54.4473,19.7254,2004,6,"Poland","HUMAN_OBSERVATION",54.55,19.75,11.54,1632,1168,75,72,869,715,887,720,729,608,629,626,3071,2491
54.4473,19.7254,2004,6,"Poland","HUMAN_OBSERVATION",54.55,19.75,11.54,1632,1168,75,72,869,715,887,720,729,608,629,626,3071,2491
54.4501,19.6577,2004,6,"Poland","HUMAN_OBSERVATION",54.45,19.55,6.97,1624,1153,58,58,860,714,879,714,720,605,644,641,3062,2475
54.4501,19.6577,2004,6,"Poland","HUMAN_OBSERVATION",54.45,19.55,6.97,1624,1153,58,58,860,714,879,714,720,605,644,641,3062,2475
54.3993,19.5353,2004,6,"Poland","HUMAN_OBSERVATION",54.45,19.55,5.72,1624,1153,58,58,860,714,879,714,720,605,644,641,3062,2475
54.3325,19.4833,2004,6,"Poland","HUMAN_OBSERVATION",54.45,19.45,13.26,1617,1147,52,52,854,710,872,708,714,600,646,643,3056,2469
54.3655,19.5268,2004,6,"Poland","HUMAN_OBSERVATION",54.45,19.55,9.53,1624,1153,58,58,860,714,879,714,720,605,644,641,3062,2475
58.27478,11.47468,2003,NA,"Sweden","HUMAN_OBSERVATION",NA,NA,NA,955,937,742,614,73,70,211,211,69,68,1172,697,2394,2277
55.376701,11,1986,8,"Denmark","HUMAN_OBSERVATION",NA,NA,NA,1124,688,538,501,391,390,379,208,262,260,991,883,2563,2047
55.376701,11,1986,8,"Denmark","HUMAN_OBSERVATION",NA,NA,NA,1124,688,538,501,391,390,379,208,262,260,991,883,2563,2047
55.376701,11,1986,8,"Denmark","HUMAN_OBSERVATION",NA,NA,NA,1124,688,538,501,391,390,379,208,262,260,991,883,2563,2047
55.3367,11.0333,1980,7,"Denmark","HUMAN_OBSERVATION",NA,NA,NA,1124,687,538,498,391,394,379,213,262,264,991,884,2563,2046
55.928001,12.523,NA,NA,"Denmark","HUMAN_OBSERVATION",NA,NA,NA,1098,801,478,423,335,339,353,240,196,201,908,770,2536,2161
58.935,11.1672,2024,7,"Sweden","MATERIAL_SAMPLE",58.85,11.15,9.51,983,977,813,671,0,4,248,250,140,135,1243,696,2420,2308
58.9373,11.1685,2024,7,"Sweden","MATERIAL_SAMPLE",58.85,11.15,9.78,983,977,813,671,0,4,248,250,140,135,1243,696,2420,2308
58.9396,11.1698,2024,7,"Sweden","MATERIAL_SAMPLE",58.85,11.15,10.04,983,977,813,671,0,4,248,250,140,135,1243,696,2420,2308
58.9428,11.164,2024,7,"Sweden","MATERIAL_SAMPLE",58.95,11.05,6.6,988,983,825,683,13,9,253,257,152,147,1254,699,2425,2312
58.9337,11.1694,2024,7,"Sweden","MATERIAL_SAMPLE",58.85,11.15,9.38,983,977,813,671,0,4,248,250,140,135,1243,696,2420,2308
58.9336,11.1694,2024,7,"Sweden","MATERIAL_SAMPLE",58.85,11.15,9.37,983,977,813,671,0,4,248,250,140,135,1243,696,2420,2308
58.9301,11.1729,2024,7,"Sweden","MATERIAL_SAMPLE",58.85,11.15,9.01,983,977,813,671,0,4,248,250,140,135,1243,696,2420,2308
58.5957,11.277,2024,9,"Sweden","MATERIAL_SAMPLE",NA,NA,NA,961,958,779,647,34,33,225,230,106,105,1208,697,2399,2293
58.5957,11.277,2024,9,"Sweden","MATERIAL_SAMPLE",NA,NA,NA,961,958,779,647,34,33,225,230,106,105,1208,697,2399,2293
58.352,11.2285,2024,9,"Sweden","MATERIAL_SAMPLE",NA,NA,NA,948,935,757,631,56,59,207,207,84,80,1187,708,2386,2273
58.3658,11.2402,2024,9,"Sweden","MATERIAL_SAMPLE",NA,NA,NA,948,937,757,631,56,57,207,209,84,82,1187,706,2386,2274
58.3643,11.247,2024,9,"Sweden","MATERIAL_SAMPLE",NA,NA,NA,948,937,757,631,56,58,207,209,84,81,1187,706,2386,2274
58.3583,11.2418,2024,9,"Sweden","MATERIAL_SAMPLE",NA,NA,NA,948,936,757,631,56,58,207,208,84,81,1187,707,2386,2274
58.3598,11.4107,2024,9,"Sweden","MATERIAL_SAMPLE",58.25,11.45,12.44,955,934,742,614,73,73,211,208,69,66,1172,699,2394,2274
58.3361,11.4038,2024,9,"Sweden","MATERIAL_SAMPLE",58.25,11.45,9.96,955,934,742,614,73,73,211,208,69,66,1172,699,2394,2274
58.3361,11.4038,2024,9,"Sweden","MATERIAL_SAMPLE",58.25,11.45,9.96,955,934,742,614,73,73,211,208,69,66,1172,699,2394,2274
58.3358,11.4036,2024,9,"Sweden","MATERIAL_SAMPLE",58.25,11.45,9.93,955,934,742,614,73,73,211,208,69,66,1172,699,2394,2274
58.3359,11.4041,2024,9,"Sweden","MATERIAL_SAMPLE",58.25,11.45,9.93,955,934,742,614,73,73,211,208,69,66,1172,699,2394,2274
58.3162,11.3982,2024,9,"Sweden","MATERIAL_SAMPLE",58.25,11.35,7.89,949,930,745,618,68,71,205,203,71,67,1174,705,2388,2270
58.3145,11.3974,2024,9,"Sweden","MATERIAL_SAMPLE",58.25,11.35,7.7,949,930,745,618,68,71,205,203,71,67,1174,705,2388,2270
58.3167,11.3982,2024,9,"Sweden","MATERIAL_SAMPLE",58.25,11.35,7.94,949,930,745,618,68,71,205,203,71,67,1174,705,2388,2270
58.3482,11.4583,2024,9,"Sweden","MATERIAL_SAMPLE",58.35,11.55,5.36,965,946,752,616,85,64,221,220,80,75,1182,690,2404,2286
58.3482,11.4583,2024,9,"Sweden","MATERIAL_SAMPLE",58.35,11.55,5.36,965,946,752,616,85,64,221,220,80,75,1182,690,2404,2286
58.357,11.4498,2024,9,"Sweden","MATERIAL_SAMPLE",58.35,11.55,5.9,965,946,752,616,85,64,221,220,80,75,1182,690,2404,2286
58.3602,11.4117,2024,9,"Sweden","MATERIAL_SAMPLE",58.25,11.45,12.47,955,934,742,614,73,73,211,208,69,66,1172,699,2394,2274
58.2788,11.425,2024,9,"Sweden","MATERIAL_SAMPLE",NA,NA,NA,955,936,742,617,73,69,211,209,69,69,1172,699,2394,2276
58.2778,11.4244,2024,9,"Sweden","MATERIAL_SAMPLE",NA,NA,NA,955,935,742,617,73,69,211,209,69,69,1172,699,2394,2275
58.2754,11.4226,2024,9,"Sweden","MATERIAL_SAMPLE",NA,NA,NA,955,935,742,617,73,69,211,208,69,69,1172,700,2394,2275
58.9347,11.1675,2024,9,"Sweden","MATERIAL_SAMPLE",58.85,11.15,9.48,983,977,813,671,0,4,248,250,140,135,1243,696,2420,2308
58.9347,11.1675,2024,9,"Sweden","MATERIAL_SAMPLE",58.85,11.15,9.48,983,977,813,671,0,4,248,250,140,135,1243,696,2420,2308
58.9347,11.1675,2024,9,"Sweden","MATERIAL_SAMPLE",58.85,11.15,9.48,983,977,813,671,0,4,248,250,140,135,1243,696,2420,2308
58.9347,11.1675,2024,9,"Sweden","MATERIAL_SAMPLE",58.85,11.15,9.48,983,977,813,671,0,4,248,250,140,135,1243,696,2420,2308
58.937,11.1688,2024,9,"Sweden","MATERIAL_SAMPLE",58.85,11.15,9.74,983,977,813,671,0,4,248,250,140,135,1243,696,2420,2308
58.937,11.1688,2024,9,"Sweden","MATERIAL_SAMPLE",58.85,11.15,9.74,983,977,813,671,0,4,248,250,140,135,1243,696,2420,2308
58.937,11.1688,2024,9,"Sweden","MATERIAL_SAMPLE",58.85,11.15,9.74,983,977,813,671,0,4,248,250,140,135,1243,696,2420,2308
58.937,11.1688,2024,9,"Sweden","MATERIAL_SAMPLE",58.85,11.15,9.74,983,977,813,671,0,4,248,250,140,135,1243,696,2420,2308
58.937,11.1688,2024,9,"Sweden","MATERIAL_SAMPLE",58.85,11.15,9.74,983,977,813,671,0,4,248,250,140,135,1243,696,2420,2308
58.937,11.1688,2024,9,"Sweden","MATERIAL_SAMPLE",58.85,11.15,9.74,983,977,813,671,0,4,248,250,140,135,1243,696,2420,2308
58.9336,11.1694,2024,9,"Sweden","MATERIAL_SAMPLE",58.85,11.15,9.37,983,977,813,671,0,4,248,250,140,135,1243,696,2420,2308
58.9336,11.1694,2024,9,"Sweden","MATERIAL_SAMPLE",58.85,11.15,9.37,983,977,813,671,0,4,248,250,140,135,1243,696,2420,2308
58.6009,11.2794,2024,9,"Sweden","MATERIAL_SAMPLE",58.55,11.25,5.92,961,953,779,644,34,37,225,225,106,101,1208,700,2399,2289
58.6009,11.2794,2024,9,"Sweden","MATERIAL_SAMPLE",58.55,11.25,5.92,961,953,779,644,34,37,225,225,106,101,1208,700,2399,2289
58.6002,11.2805,2024,9,"Sweden","MATERIAL_SAMPLE",58.55,11.25,5.86,961,953,779,644,34,37,225,225,106,101,1208,700,2399,2289
58.6002,11.2805,2024,9,"Sweden","MATERIAL_SAMPLE",58.55,11.25,5.86,961,953,779,644,34,37,225,225,106,101,1208,700,2399,2289
58.597,11.279,2024,9,"Sweden","MATERIAL_SAMPLE",NA,NA,NA,961,959,779,647,34,33,225,231,106,105,1208,696,2399,2294
58.597,11.279,2024,9,"Sweden","MATERIAL_SAMPLE",NA,NA,NA,961,959,779,647,34,33,225,231,106,105,1208,696,2399,2294
58.352,11.2285,2024,9,"Sweden","MATERIAL_SAMPLE",NA,NA,NA,948,935,757,631,56,59,207,207,84,80,1187,708,2386,2273
58.366,11.241,2024,9,"Sweden","MATERIAL_SAMPLE",NA,NA,NA,948,937,757,631,56,57,207,209,84,82,1187,706,2386,2274
58.3578,11.2412,2024,9,"Sweden","MATERIAL_SAMPLE",NA,NA,NA,948,936,757,631,56,58,207,208,84,81,1187,707,2386,2274
58.3578,11.2412,2024,9,"Sweden","MATERIAL_SAMPLE",NA,NA,NA,948,936,757,631,56,58,207,208,84,81,1187,707,2386,2274
58.3167,11.3982,2024,9,"Sweden","MATERIAL_SAMPLE",58.25,11.35,7.94,949,930,745,618,68,71,205,203,71,67,1174,705,2388,2270
58.336,11.4037,2024,9,"Sweden","MATERIAL_SAMPLE",58.25,11.45,9.95,955,934,742,614,73,73,211,208,69,66,1172,699,2394,2274
58.3598,11.4107,2024,9,"Sweden","MATERIAL_SAMPLE",58.25,11.45,12.44,955,934,742,614,73,73,211,208,69,66,1172,699,2394,2274
58.3598,11.4107,2024,9,"Sweden","MATERIAL_SAMPLE",58.25,11.45,12.44,955,934,742,614,73,73,211,208,69,66,1172,699,2394,2274
58.2784,11.4247,2024,9,"Sweden","MATERIAL_SAMPLE",NA,NA,NA,955,935,742,617,73,69,211,209,69,69,1172,699,2394,2275
58.2775,11.4228,2024,9,"Sweden","MATERIAL_SAMPLE",NA,NA,NA,955,935,742,617,73,69,211,209,69,69,1172,699,2394,2275
58.2754,11.4226,2024,9,"Sweden","MATERIAL_SAMPLE",NA,NA,NA,955,935,742,617,73,69,211,208,69,69,1172,700,2394,2275
51.169005,-4.238288,2023,4,"United Kingdom of Great Britain and Northern Ireland","MATERIAL_SAMPLE",51.25,-4.25,9.05,823,516,2354,1576,1759,1292,1539,1071,1734,1254,2783,1961,1098,1060
54.167333,12.095,2023,7,"Germany","MATERIAL_SAMPLE",54.25,12.05,9.66,1262,681,477,430,528,518,517,350,391,383,939,920,2700,2031
54.173889,12.094444,2023,7,"Germany","MATERIAL_SAMPLE",54.25,12.05,8.95,1262,681,477,430,528,518,517,350,391,383,939,920,2700,2031
55.717778,12.630278,2023,8,"Denmark","MATERIAL_SAMPLE",NA,NA,NA,1121,793,455,409,358,363,376,258,219,225,885,780,2560,2153
58.80333,17.62367,2022,4,"Sweden","MATERIAL_SAMPLE",NA,NA,NA,1714,1238,498,489,951,376,969,551,811,368,362,340,3153,2595
58.80333,17.62367,2022,4,"Sweden","MATERIAL_SAMPLE",NA,NA,NA,1714,1238,498,489,951,376,969,551,811,368,362,340,3153,2595
58.80333,17.62367,2022,4,"Sweden","MATERIAL_SAMPLE",NA,NA,NA,1714,1238,498,489,951,376,969,551,811,368,362,340,3153,2595
58.25833,11.43333,2022,4,"Sweden","MATERIAL_SAMPLE",NA,NA,NA,955,934,742,615,73,71,211,208,69,67,1172,700,2394,2274
54.330555,10.155556,2022,6,"Germany","MATERIAL_SAMPLE",54.45,10.25,14.64,1233,589,584,545,501,496,488,283,372,371,1045,987,2672,1947
54.330555,10.155556,2022,6,"Germany","MATERIAL_SAMPLE",54.45,10.25,14.64,1233,589,584,545,501,496,488,283,372,371,1045,987,2672,1947
54.330555,10.155556,2022,6,"Germany","MATERIAL_SAMPLE",54.45,10.25,14.64,1233,589,584,545,501,496,488,283,372,371,1045,987,2672,1947
54.330555,10.155556,2022,6,"Germany","MATERIAL_SAMPLE",54.45,10.25,14.64,1233,589,584,545,501,496,488,283,372,371,1045,987,2672,1947
54.330555,10.155556,2022,6,"Germany","MATERIAL_SAMPLE",54.45,10.25,14.64,1233,589,584,545,501,496,488,283,372,371,1045,987,2672,1947
54.330555,10.155556,2022,6,"Germany","MATERIAL_SAMPLE",54.45,10.25,14.64,1233,589,584,545,501,496,488,283,372,371,1045,987,2672,1947
54.330555,10.155556,2022,6,"Germany","MATERIAL_SAMPLE",54.45,10.25,14.64,1233,589,584,545,501,496,488,283,372,371,1045,987,2672,1947
54.330555,10.155556,2022,6,"Germany","MATERIAL_SAMPLE",54.45,10.25,14.64,1233,589,584,545,501,496,488,283,372,371,1045,987,2672,1947
54.330555,10.155556,2022,6,"Germany","MATERIAL_SAMPLE",54.45,10.25,14.64,1233,589,584,545,501,496,488,283,372,371,1045,987,2672,1947
54.330555,10.155556,2022,6,"Germany","MATERIAL_SAMPLE",54.45,10.25,14.64,1233,589,584,545,501,496,488,283,372,371,1045,987,2672,1947
54.330555,10.155556,2022,6,"Germany","MATERIAL_SAMPLE",54.45,10.25,14.64,1233,589,584,545,501,496,488,283,372,371,1045,987,2672,1947
58.006731,11.698691,2022,6,"Sweden","MATERIAL_SAMPLE",NA,NA,NA,958,922,718,585,102,103,214,201,45,36,1147,695,2397,2267
58.005094,11.70221,2022,6,"Sweden","MATERIAL_SAMPLE",NA,NA,NA,964,922,719,585,107,103,220,201,46,36,1149,695,2403,2267
58.004048,11.702511,2022,6,"Sweden","MATERIAL_SAMPLE",NA,NA,NA,964,922,719,585,107,103,220,201,46,36,1149,695,2403,2267
54.330555,10.155556,2022,7,"Germany","MATERIAL_SAMPLE",54.45,10.25,14.64,1233,589,584,545,501,496,488,283,372,371,1045,987,2672,1947
54.330555,10.155556,2022,7,"Germany","MATERIAL_SAMPLE",54.45,10.25,14.64,1233,589,584,545,501,496,488,283,372,371,1045,987,2672,1947
54.330555,10.155556,2022,7,"Germany","MATERIAL_SAMPLE",54.45,10.25,14.64,1233,589,584,545,501,496,488,283,372,371,1045,987,2672,1947
54.330555,10.155556,2022,7,"Germany","MATERIAL_SAMPLE",54.45,10.25,14.64,1233,589,584,545,501,496,488,283,372,371,1045,987,2672,1947
54.330555,10.155556,2022,7,"Germany","MATERIAL_SAMPLE",54.45,10.25,14.64,1233,589,584,545,501,496,488,283,372,371,1045,987,2672,1947
54.330555,10.155556,2022,7,"Germany","MATERIAL_SAMPLE",54.45,10.25,14.64,1233,589,584,545,501,496,488,283,372,371,1045,987,2672,1947
54.330555,10.155556,2022,7,"Germany","MATERIAL_SAMPLE",54.45,10.25,14.64,1233,589,584,545,501,496,488,283,372,371,1045,987,2672,1947
54.330555,10.155556,2022,7,"Germany","MATERIAL_SAMPLE",54.45,10.25,14.64,1233,589,584,545,501,496,488,283,372,371,1045,987,2672,1947
54.330555,10.155556,2022,7,"Germany","MATERIAL_SAMPLE",54.45,10.25,14.64,1233,589,584,545,501,496,488,283,372,371,1045,987,2672,1947
54.330555,10.155556,2022,7,"Germany","MATERIAL_SAMPLE",54.45,10.25,14.64,1233,589,584,545,501,496,488,283,372,371,1045,987,2672,1947
54.330555,10.155556,2022,7,"Germany","MATERIAL_SAMPLE",54.45,10.25,14.64,1233,589,584,545,501,496,488,283,372,371,1045,987,2672,1947
58.006731,11.698691,2022,8,"Sweden","MATERIAL_SAMPLE",NA,NA,NA,958,922,718,585,102,103,214,201,45,36,1147,695,2397,2267
58.005094,11.70221,2022,8,"Sweden","MATERIAL_SAMPLE",NA,NA,NA,964,922,719,585,107,103,220,201,46,36,1149,695,2403,2267
58.004048,11.702511,2022,8,"Sweden","MATERIAL_SAMPLE",NA,NA,NA,964,922,719,585,107,103,220,201,46,36,1149,695,2403,2267
58.80333,17.62367,2022,8,"Sweden","MATERIAL_SAMPLE",NA,NA,NA,1714,1238,498,489,951,376,969,551,811,368,362,340,3153,2595
58.80333,17.62367,2022,8,"Sweden","MATERIAL_SAMPLE",NA,NA,NA,1714,1238,498,489,951,376,969,551,811,368,362,340,3153,2595
58.80333,17.62367,2022,8,"Sweden","MATERIAL_SAMPLE",NA,NA,NA,1714,1238,498,489,951,376,969,551,811,368,362,340,3153,2595
58.80333,17.62367,2022,8,"Sweden","MATERIAL_SAMPLE",NA,NA,NA,1714,1238,498,489,951,376,969,551,811,368,362,340,3153,2595
58.006731,11.698691,2022,9,"Sweden","MATERIAL_SAMPLE",NA,NA,NA,958,922,718,585,102,103,214,201,45,36,1147,695,2397,2267
58.005094,11.70221,2022,9,"Sweden","MATERIAL_SAMPLE",NA,NA,NA,964,922,719,585,107,103,220,201,46,36,1149,695,2403,2267
58.004048,11.702511,2022,9,"Sweden","MATERIAL_SAMPLE",NA,NA,NA,964,922,719,585,107,103,220,201,46,36,1149,695,2403,2267
58.80333,17.62367,2022,9,"Sweden","MATERIAL_SAMPLE",NA,NA,NA,1714,1238,498,489,951,376,969,551,811,368,362,340,3153,2595
58.80333,17.62367,2022,9,"Sweden","MATERIAL_SAMPLE",NA,NA,NA,1714,1238,498,489,951,376,969,551,811,368,362,340,3153,2595
58.80333,17.62367,2022,10,"Sweden","MATERIAL_SAMPLE",NA,NA,NA,1714,1238,498,489,951,376,969,551,811,368,362,340,3153,2595
58.80333,17.62367,2022,10,"Sweden","MATERIAL_SAMPLE",NA,NA,NA,1714,1238,498,489,951,376,969,551,811,368,362,340,3153,2595
58.80333,17.62367,2022,10,"Sweden","MATERIAL_SAMPLE",NA,NA,NA,1714,1238,498,489,951,376,969,551,811,368,362,340,3153,2595
51.490827,0.826603,2022,11,"United Kingdom of Great Britain and Northern Ireland","MATERIAL_SAMPLE",NA,NA,NA,164,162,1654,1238,1058,1048,840,806,1034,983,2084,1677,1426,1261
51.26238,-3.47134,2022,12,"United Kingdom of Great Britain and Northern Ireland","MATERIAL_SAMPLE",NA,NA,NA,877,462,2408,1525,1813,1254,1593,1030,1787,1213,2837,1919,1152,1082
58.80333,17.62367,2021,4,"Sweden","MATERIAL_SAMPLE",NA,NA,NA,1714,1238,498,489,951,376,969,551,811,368,362,340,3153,2595
58.80333,17.62367,2021,4,"Sweden","MATERIAL_SAMPLE",NA,NA,NA,1714,1238,498,489,951,376,969,551,811,368,362,340,3153,2595
58.80333,17.62367,2021,7,"Sweden","MATERIAL_SAMPLE",NA,NA,NA,1714,1238,498,489,951,376,969,551,811,368,362,340,3153,2595
58.80333,17.62367,2021,7,"Sweden","MATERIAL_SAMPLE",NA,NA,NA,1714,1238,498,489,951,376,969,551,811,368,362,340,3153,2595
58.80333,17.62367,2021,8,"Sweden","MATERIAL_SAMPLE",NA,NA,NA,1714,1238,498,489,951,376,969,551,811,368,362,340,3153,2595
58.80333,17.62367,2021,8,"Sweden","MATERIAL_SAMPLE",NA,NA,NA,1714,1238,498,489,951,376,969,551,811,368,362,340,3153,2595
58.80333,17.62367,2021,8,"Sweden","MATERIAL_SAMPLE",NA,NA,NA,1714,1238,498,489,951,376,969,551,811,368,362,340,3153,2595
58.80333,17.62367,2021,8,"Sweden","MATERIAL_SAMPLE",NA,NA,NA,1714,1238,498,489,951,376,969,551,811,368,362,340,3153,2595
63.52417,19.80917,2021,8,"Sweden","MATERIAL_SAMPLE",NA,NA,NA,2267,1674,1022,1013,1503,697,1522,946,1364,786,477,449,3705,3001
58.80333,17.62367,2021,9,"Sweden","MATERIAL_SAMPLE",NA,NA,NA,1714,1238,498,489,951,376,969,551,811,368,362,340,3153,2595
58.80333,17.62367,2021,9,"Sweden","MATERIAL_SAMPLE",NA,NA,NA,1714,1238,498,489,951,376,969,551,811,368,362,340,3153,2595
58.80333,17.62367,2021,9,"Sweden","MATERIAL_SAMPLE",NA,NA,NA,1714,1238,498,489,951,376,969,551,811,368,362,340,3153,2595
58.80333,17.62367,2021,9,"Sweden","MATERIAL_SAMPLE",NA,NA,NA,1714,1238,498,489,951,376,969,551,811,368,362,340,3153,2595
58.80333,17.62367,2021,10,"Sweden","MATERIAL_SAMPLE",NA,NA,NA,1714,1238,498,489,951,376,969,551,811,368,362,340,3153,2595
58.80333,17.62367,2021,10,"Sweden","MATERIAL_SAMPLE",NA,NA,NA,1714,1238,498,489,951,376,969,551,811,368,362,340,3153,2595
58.80333,17.62367,2021,10,"Sweden","MATERIAL_SAMPLE",NA,NA,NA,1714,1238,498,489,951,376,969,551,811,368,362,340,3153,2595
58.80333,17.62367,2020,3,"Sweden","MATERIAL_SAMPLE",NA,NA,NA,1714,1238,498,489,951,376,969,551,811,368,362,340,3153,2595
58.80333,17.62367,2020,3,"Sweden","MATERIAL_SAMPLE",NA,NA,NA,1714,1238,498,489,951,376,969,551,811,368,362,340,3153,2595
58.80333,17.62367,2020,7,"Sweden","MATERIAL_SAMPLE",NA,NA,NA,1714,1238,498,489,951,376,969,551,811,368,362,340,3153,2595
58.80333,17.62367,2020,7,"Sweden","MATERIAL_SAMPLE",NA,NA,NA,1714,1238,498,489,951,376,969,551,811,368,362,340,3153,2595
58.80333,17.62367,2020,7,"Sweden","MATERIAL_SAMPLE",NA,NA,NA,1714,1238,498,489,951,376,969,551,811,368,362,340,3153,2595
58.80333,17.62367,2020,8,"Sweden","MATERIAL_SAMPLE",NA,NA,NA,1714,1238,498,489,951,376,969,551,811,368,362,340,3153,2595
58.80333,17.62367,2020,8,"Sweden","MATERIAL_SAMPLE",NA,NA,NA,1714,1238,498,489,951,376,969,551,811,368,362,340,3153,2595
58.80333,17.62367,2020,8,"Sweden","MATERIAL_SAMPLE",NA,NA,NA,1714,1238,498,489,951,376,969,551,811,368,362,340,3153,2595
58.80333,17.62367,2020,9,"Sweden","MATERIAL_SAMPLE",NA,NA,NA,1714,1238,498,489,951,376,969,551,811,368,362,340,3153,2595
58.80333,17.62367,2020,9,"Sweden","MATERIAL_SAMPLE",NA,NA,NA,1714,1238,498,489,951,376,969,551,811,368,362,340,3153,2595
58.80333,17.62367,2020,9,"Sweden","MATERIAL_SAMPLE",NA,NA,NA,1714,1238,498,489,951,376,969,551,811,368,362,340,3153,2595
58.80333,17.62367,2020,9,"Sweden","MATERIAL_SAMPLE",NA,NA,NA,1714,1238,498,489,951,376,969,551,811,368,362,340,3153,2595
58.80333,17.62367,2020,10,"Sweden","MATERIAL_SAMPLE",NA,NA,NA,1714,1238,498,489,951,376,969,551,811,368,362,340,3153,2595
58.80333,17.62367,2019,3,"Sweden","MATERIAL_SAMPLE",NA,NA,NA,1714,1238,498,489,951,376,969,551,811,368,362,340,3153,2595
58.80333,17.62367,2019,3,"Sweden","MATERIAL_SAMPLE",NA,NA,NA,1714,1238,498,489,951,376,969,551,811,368,362,340,3153,2595
53.673611,21.897889,2019,4,"Poland","MATERIAL_SAMPLE",NA,NA,NA,NA,NA,NA,NA,NA,NA,NA,NA,NA,NA,NA,NA,NA,NA
53.673611,21.897889,2019,4,"Poland","MATERIAL_SAMPLE",NA,NA,NA,NA,NA,NA,NA,NA,NA,NA,NA,NA,NA,NA,NA,NA,NA
53.668667,21.917694,2019,4,"Poland","MATERIAL_SAMPLE",NA,NA,NA,NA,NA,NA,NA,NA,NA,NA,NA,NA,NA,NA,NA,NA,NA
53.665306,21.95575,2019,4,"Poland","MATERIAL_SAMPLE",NA,NA,NA,NA,NA,NA,NA,NA,NA,NA,NA,NA,NA,NA,NA,NA,NA
58.80333,17.62367,2019,4,"Sweden","MATERIAL_SAMPLE",NA,NA,NA,1714,1238,498,489,951,376,969,551,811,368,362,340,3153,2595
58.80333,17.62367,2019,4,"Sweden","MATERIAL_SAMPLE",NA,NA,NA,1714,1238,498,489,951,376,969,551,811,368,362,340,3153,2595
53.673611,21.897889,2019,6,"Poland","MATERIAL_SAMPLE",NA,NA,NA,NA,NA,NA,NA,NA,NA,NA,NA,NA,NA,NA,NA,NA,NA
58.80333,17.62367,2019,7,"Sweden","MATERIAL_SAMPLE",NA,NA,NA,1714,1238,498,489,951,376,969,551,811,368,362,340,3153,2595
58.80333,17.62367,2019,7,"Sweden","MATERIAL_SAMPLE",NA,NA,NA,1714,1238,498,489,951,376,969,551,811,368,362,340,3153,2595
58.80333,17.62367,2019,7,"Sweden","MATERIAL_SAMPLE",NA,NA,NA,1714,1238,498,489,951,376,969,551,811,368,362,340,3153,2595
53.673611,21.897889,2019,7,"Poland","MATERIAL_SAMPLE",NA,NA,NA,NA,NA,NA,NA,NA,NA,NA,NA,NA,NA,NA,NA,NA,NA
58.98367,17.72433,2019,8,"Sweden","MATERIAL_SAMPLE",59.05,17.75,7.53,1737,1260,519,515,974,383,992,567,834,384,373,324,3176,2617
58.98367,17.72433,2019,8,"Sweden","MATERIAL_SAMPLE",59.05,17.75,7.53,1737,1260,519,515,974,383,992,567,834,384,373,324,3176,2617
58.98367,17.72433,2019,8,"Sweden","MATERIAL_SAMPLE",59.05,17.75,7.53,1737,1260,519,515,974,383,992,567,834,384,373,324,3176,2617
58.98367,17.72433,2019,8,"Sweden","MATERIAL_SAMPLE",59.05,17.75,7.53,1737,1260,519,515,974,383,992,567,834,384,373,324,3176,2617
58.80333,17.62367,2019,8,"Sweden","MATERIAL_SAMPLE",NA,NA,NA,1714,1238,498,489,951,376,969,551,811,368,362,340,3153,2595
58.80333,17.62367,2019,8,"Sweden","MATERIAL_SAMPLE",NA,NA,NA,1714,1238,498,489,951,376,969,551,811,368,362,340,3153,2595
58.80333,17.62367,2019,8,"Sweden","MATERIAL_SAMPLE",NA,NA,NA,1714,1238,498,489,951,376,969,551,811,368,362,340,3153,2595
58.80333,17.62367,2019,8,"Sweden","MATERIAL_SAMPLE",NA,NA,NA,1714,1238,498,489,951,376,969,551,811,368,362,340,3153,2595
58.80333,17.62367,2019,8,"Sweden","MATERIAL_SAMPLE",NA,NA,NA,1714,1238,498,489,951,376,969,551,811,368,362,340,3153,2595
58.80333,17.62367,2019,8,"Sweden","MATERIAL_SAMPLE",NA,NA,NA,1714,1238,498,489,951,376,969,551,811,368,362,340,3153,2595
63.52467,19.808,2019,8,"Sweden","MATERIAL_SAMPLE",NA,NA,NA,2267,1674,1022,1013,1503,697,1522,946,1364,786,477,449,3705,3001
63.49967,19.819,2019,8,"Sweden","MATERIAL_SAMPLE",NA,NA,NA,2256,1672,1010,1010,1492,695,1511,944,1353,784,467,446,3694,2999
63.49967,19.819,2019,8,"Sweden","MATERIAL_SAMPLE",NA,NA,NA,2256,1672,1010,1010,1492,695,1511,944,1353,784,467,446,3694,2999
63.49967,19.819,2019,8,"Sweden","MATERIAL_SAMPLE",NA,NA,NA,2256,1672,1010,1010,1492,695,1511,944,1353,784,467,446,3694,2999
63.49967,19.819,2019,8,"Sweden","MATERIAL_SAMPLE",NA,NA,NA,2256,1672,1010,1010,1492,695,1511,944,1353,784,467,446,3694,2999
63.49967,19.819,2019,8,"Sweden","MATERIAL_SAMPLE",NA,NA,NA,2256,1672,1010,1010,1492,695,1511,944,1353,784,467,446,3694,2999
58.80333,17.62367,2019,8,"Sweden","MATERIAL_SAMPLE",NA,NA,NA,1714,1238,498,489,951,376,969,551,811,368,362,340,3153,2595
63.52467,19.808,2019,8,"Sweden","MATERIAL_SAMPLE",NA,NA,NA,2267,1674,1022,1013,1503,697,1522,946,1364,786,477,449,3705,3001
58.80333,17.62367,2019,9,"Sweden","MATERIAL_SAMPLE",NA,NA,NA,1714,1238,498,489,951,376,969,551,811,368,362,340,3153,2595
58.80333,17.62367,2019,9,"Sweden","MATERIAL_SAMPLE",NA,NA,NA,1714,1238,498,489,951,376,969,551,811,368,362,340,3153,2595
58.80333,17.62367,2019,9,"Sweden","MATERIAL_SAMPLE",NA,NA,NA,1714,1238,498,489,951,376,969,551,811,368,362,340,3153,2595
63.525,19.80817,2019,9,"Sweden","MATERIAL_SAMPLE",NA,NA,NA,2267,1674,1022,1013,1503,697,1522,946,1364,786,477,449,3705,3001
63.49917,19.81917,2019,9,"Sweden","MATERIAL_SAMPLE",NA,NA,NA,2256,1672,1010,1010,1492,695,1511,944,1353,784,467,446,3694,2999
58.80333,17.62367,2019,10,"Sweden","MATERIAL_SAMPLE",NA,NA,NA,1714,1238,498,489,951,376,969,551,811,368,362,340,3153,2595
58.80333,17.62367,2019,10,"Sweden","MATERIAL_SAMPLE",NA,NA,NA,1714,1238,498,489,951,376,969,551,811,368,362,340,3153,2595
58.80333,17.62367,2019,10,"Sweden","MATERIAL_SAMPLE",NA,NA,NA,1714,1238,498,489,951,376,969,551,811,368,362,340,3153,2595
63.52483,19.808,2019,10,"Sweden","MATERIAL_SAMPLE",NA,NA,NA,2267,1674,1022,1013,1503,697,1522,946,1364,786,477,449,3705,3001
63.49967,19.81933,2019,10,"Sweden","MATERIAL_SAMPLE",NA,NA,NA,2256,1672,1010,1010,1492,696,1511,944,1353,784,467,446,3694,2999
58.25983,11.436,2019,10,"Sweden","MATERIAL_SAMPLE",NA,NA,NA,955,934,742,615,73,71,211,208,69,67,1172,699,2394,2275
53.673611,21.897889,2019,10,"Poland","MATERIAL_SAMPLE",NA,NA,NA,NA,NA,NA,NA,NA,NA,NA,NA,NA,NA,NA,NA,NA,NA
53.673611,21.897889,2019,10,"Poland","MATERIAL_SAMPLE",NA,NA,NA,NA,NA,NA,NA,NA,NA,NA,NA,NA,NA,NA,NA,NA,NA
58.80333,17.62367,2019,10,"Sweden","MATERIAL_SAMPLE",NA,NA,NA,1714,1238,498,489,951,376,969,551,811,368,362,340,3153,2595
58.80333,17.62367,2019,10,"Sweden","MATERIAL_SAMPLE",NA,NA,NA,1714,1238,498,489,951,376,969,551,811,368,362,340,3153,2595
53.673611,21.897889,2019,11,"Poland","MATERIAL_SAMPLE",NA,NA,NA,NA,NA,NA,NA,NA,NA,NA,NA,NA,NA,NA,NA,NA,NA
53.673611,21.897889,2019,11,"Poland","MATERIAL_SAMPLE",NA,NA,NA,NA,NA,NA,NA,NA,NA,NA,NA,NA,NA,NA,NA,NA,NA
58.80317,17.62533,2018,4,"Sweden","MATERIAL_SAMPLE",NA,NA,NA,1714,1238,498,489,951,377,969,551,811,368,362,340,3153,2595
58.80317,17.62533,2018,4,"Sweden","MATERIAL_SAMPLE",NA,NA,NA,1714,1238,498,489,951,377,969,551,811,368,362,340,3153,2595
58.80317,17.62533,2018,4,"Sweden","MATERIAL_SAMPLE",NA,NA,NA,1714,1238,498,489,951,377,969,551,811,368,362,340,3153,2595
58.80317,17.62533,2018,5,"Sweden","MATERIAL_SAMPLE",NA,NA,NA,1714,1238,498,489,951,377,969,551,811,368,362,340,3153,2595
58.80317,17.62533,2018,5,"Sweden","MATERIAL_SAMPLE",NA,NA,NA,1714,1238,498,489,951,377,969,551,811,368,362,340,3153,2595
58.80317,17.62533,2018,7,"Sweden","MATERIAL_SAMPLE",NA,NA,NA,1714,1238,498,489,951,377,969,551,811,368,362,340,3153,2595
58.80317,17.62533,2018,7,"Sweden","MATERIAL_SAMPLE",NA,NA,NA,1714,1238,498,489,951,377,969,551,811,368,362,340,3153,2595
58.80317,17.62533,2018,8,"Sweden","MATERIAL_SAMPLE",NA,NA,NA,1714,1238,498,489,951,377,969,551,811,368,362,340,3153,2595
58.80317,17.62533,2018,8,"Sweden","MATERIAL_SAMPLE",NA,NA,NA,1714,1238,498,489,951,377,969,551,811,368,362,340,3153,2595
58.80317,17.62533,2018,8,"Sweden","MATERIAL_SAMPLE",NA,NA,NA,1714,1238,498,489,951,377,969,551,811,368,362,340,3153,2595
58.80317,17.62533,2018,8,"Sweden","MATERIAL_SAMPLE",NA,NA,NA,1714,1238,498,489,951,377,969,551,811,368,362,340,3153,2595
58.25833,11.43333,2018,11,"Sweden","MATERIAL_SAMPLE",NA,NA,NA,955,934,742,615,73,71,211,208,69,67,1172,700,2394,2274
58.25833,11.43333,2018,11,"Sweden","MATERIAL_SAMPLE",NA,NA,NA,955,934,742,615,73,71,211,208,69,67,1172,700,2394,2274
58.80317,17.62533,2017,3,"Sweden","MATERIAL_SAMPLE",NA,NA,NA,1714,1238,498,489,951,377,969,551,811,368,362,340,3153,2595
58.80317,17.62533,2017,3,"Sweden","MATERIAL_SAMPLE",NA,NA,NA,1714,1238,498,489,951,377,969,551,811,368,362,340,3153,2595
58.80317,17.62533,2017,4,"Sweden","MATERIAL_SAMPLE",NA,NA,NA,1714,1238,498,489,951,377,969,551,811,368,362,340,3153,2595
58.80317,17.62533,2017,4,"Sweden","MATERIAL_SAMPLE",NA,NA,NA,1714,1238,498,489,951,377,969,551,811,368,362,340,3153,2595
58.80317,17.62533,2017,4,"Sweden","MATERIAL_SAMPLE",NA,NA,NA,1714,1238,498,489,951,377,969,551,811,368,362,340,3153,2595
58.80317,17.62533,2017,4,"Sweden","MATERIAL_SAMPLE",NA,NA,NA,1714,1238,498,489,951,377,969,551,811,368,362,340,3153,2595
58.80317,17.62533,2017,4,"Sweden","MATERIAL_SAMPLE",NA,NA,NA,1714,1238,498,489,951,377,969,551,811,368,362,340,3153,2595
58.80317,17.62533,2017,4,"Sweden","MATERIAL_SAMPLE",NA,NA,NA,1714,1238,498,489,951,377,969,551,811,368,362,340,3153,2595
58.80317,17.62533,2017,8,"Sweden","MATERIAL_SAMPLE",NA,NA,NA,1714,1238,498,489,951,377,969,551,811,368,362,340,3153,2595
58.80317,17.62533,2017,8,"Sweden","MATERIAL_SAMPLE",NA,NA,NA,1714,1238,498,489,951,377,969,551,811,368,362,340,3153,2595
58.80317,17.62533,2017,9,"Sweden","MATERIAL_SAMPLE",NA,NA,NA,1714,1238,498,489,951,377,969,551,811,368,362,340,3153,2595
58.80317,17.62533,2017,9,"Sweden","MATERIAL_SAMPLE",NA,NA,NA,1714,1238,498,489,951,377,969,551,811,368,362,340,3153,2595
58.80317,17.62533,2017,9,"Sweden","MATERIAL_SAMPLE",NA,NA,NA,1714,1238,498,489,951,377,969,551,811,368,362,340,3153,2595
58.80317,17.62533,2017,9,"Sweden","MATERIAL_SAMPLE",NA,NA,NA,1714,1238,498,489,951,377,969,551,811,368,362,340,3153,2595
58.80317,17.62533,2017,10,"Sweden","MATERIAL_SAMPLE",NA,NA,NA,1714,1238,498,489,951,377,969,551,811,368,362,340,3153,2595
58.80317,17.62533,2017,10,"Sweden","MATERIAL_SAMPLE",NA,NA,NA,1714,1238,498,489,951,377,969,551,811,368,362,340,3153,2595
58.80317,17.62533,2016,3,"Sweden","MATERIAL_SAMPLE",NA,NA,NA,1714,1238,498,489,951,377,969,551,811,368,362,340,3153,2595
58.80317,17.62533,2016,3,"Sweden","MATERIAL_SAMPLE",NA,NA,NA,1714,1238,498,489,951,377,969,551,811,368,362,340,3153,2595
58.80317,17.62533,2016,4,"Sweden","MATERIAL_SAMPLE",NA,NA,NA,1714,1238,498,489,951,377,969,551,811,368,362,340,3153,2595
58.80317,17.62533,2016,4,"Sweden","MATERIAL_SAMPLE",NA,NA,NA,1714,1238,498,489,951,377,969,551,811,368,362,340,3153,2595
58.25833,11.43333,2016,4,"Sweden","MATERIAL_SAMPLE",NA,NA,NA,955,934,742,615,73,71,211,208,69,67,1172,700,2394,2274
58.80317,17.62533,2016,10,"Sweden","MATERIAL_SAMPLE",NA,NA,NA,1714,1238,498,489,951,377,969,551,811,368,362,340,3153,2595
58.80317,17.62533,2016,10,"Sweden","MATERIAL_SAMPLE",NA,NA,NA,1714,1238,498,489,951,377,969,551,811,368,362,340,3153,2595
58.25833,11.43333,2016,10,"Sweden","MATERIAL_SAMPLE",NA,NA,NA,955,934,742,615,73,71,211,208,69,67,1172,700,2394,2274
58.80317,17.62533,2016,11,"Sweden","MATERIAL_SAMPLE",NA,NA,NA,1714,1238,498,489,951,377,969,551,811,368,362,340,3153,2595
58.80317,17.62533,2016,12,"Sweden","MATERIAL_SAMPLE",NA,NA,NA,1714,1238,498,489,951,377,969,551,811,368,362,340,3153,2595
58.80317,17.62533,2016,12,"Sweden","MATERIAL_SAMPLE",NA,NA,NA,1714,1238,498,489,951,377,969,551,811,368,362,340,3153,2595
58.25833,11.43333,2015,3,"Sweden","MATERIAL_SAMPLE",NA,NA,NA,955,934,742,615,73,71,211,208,69,67,1172,700,2394,2274
58.80317,17.62533,2015,4,"Sweden","MATERIAL_SAMPLE",NA,NA,NA,1714,1238,498,489,951,377,969,551,811,368,362,340,3153,2595
58.80317,17.62533,2015,4,"Sweden","MATERIAL_SAMPLE",NA,NA,NA,1714,1238,498,489,951,377,969,551,811,368,362,340,3153,2595
58.80317,17.62533,2015,4,"Sweden","MATERIAL_SAMPLE",NA,NA,NA,1714,1238,498,489,951,377,969,551,811,368,362,340,3153,2595
58.80317,17.62533,2015,4,"Sweden","MATERIAL_SAMPLE",NA,NA,NA,1714,1238,498,489,951,377,969,551,811,368,362,340,3153,2595
58.80317,17.62533,2015,4,"Sweden","MATERIAL_SAMPLE",NA,NA,NA,1714,1238,498,489,951,377,969,551,811,368,362,340,3153,2595
58.80317,17.62533,2015,4,"Sweden","MATERIAL_SAMPLE",NA,NA,NA,1714,1238,498,489,951,377,969,551,811,368,362,340,3153,2595
58.80317,17.62533,2015,4,"Sweden","MATERIAL_SAMPLE",NA,NA,NA,1714,1238,498,489,951,377,969,551,811,368,362,340,3153,2595
58.80317,17.62533,2015,4,"Sweden","MATERIAL_SAMPLE",NA,NA,NA,1714,1238,498,489,951,377,969,551,811,368,362,340,3153,2595
58.80317,17.62533,2015,8,"Sweden","MATERIAL_SAMPLE",NA,NA,NA,1714,1238,498,489,951,377,969,551,811,368,362,340,3153,2595
58.80317,17.62533,2015,8,"Sweden","MATERIAL_SAMPLE",NA,NA,NA,1714,1238,498,489,951,377,969,551,811,368,362,340,3153,2595
58.80317,17.62533,2015,9,"Sweden","MATERIAL_SAMPLE",NA,NA,NA,1714,1238,498,489,951,377,969,551,811,368,362,340,3153,2595
58.80317,17.62533,2015,10,"Sweden","MATERIAL_SAMPLE",NA,NA,NA,1714,1238,498,489,951,377,969,551,811,368,362,340,3153,2595
58.80317,17.62533,2015,10,"Sweden","MATERIAL_SAMPLE",NA,NA,NA,1714,1238,498,489,951,377,969,551,811,368,362,340,3153,2595
58.80317,17.62533,2015,10,"Sweden","MATERIAL_SAMPLE",NA,NA,NA,1714,1238,498,489,951,377,969,551,811,368,362,340,3153,2595
58.80317,17.62533,2014,4,"Sweden","MATERIAL_SAMPLE",NA,NA,NA,1714,1238,498,489,951,377,969,551,811,368,362,340,3153,2595
58.80317,17.62533,2014,4,"Sweden","MATERIAL_SAMPLE",NA,NA,NA,1714,1238,498,489,951,377,969,551,811,368,362,340,3153,2595
58.80317,17.62533,2014,4,"Sweden","MATERIAL_SAMPLE",NA,NA,NA,1714,1238,498,489,951,377,969,551,811,368,362,340,3153,2595
58.80317,17.62533,2014,4,"Sweden","MATERIAL_SAMPLE",NA,NA,NA,1714,1238,498,489,951,377,969,551,811,368,362,340,3153,2595
58.80317,17.62533,2014,4,"Sweden","MATERIAL_SAMPLE",NA,NA,NA,1714,1238,498,489,951,377,969,551,811,368,362,340,3153,2595
58.80317,17.62533,2014,4,"Sweden","MATERIAL_SAMPLE",NA,NA,NA,1714,1238,498,489,951,377,969,551,811,368,362,340,3153,2595
58.80317,17.62533,2014,8,"Sweden","MATERIAL_SAMPLE",NA,NA,NA,1714,1238,498,489,951,377,969,551,811,368,362,340,3153,2595
58.80317,17.62533,2014,8,"Sweden","MATERIAL_SAMPLE",NA,NA,NA,1714,1238,498,489,951,377,969,551,811,368,362,340,3153,2595
58.80317,17.62533,2014,9,"Sweden","MATERIAL_SAMPLE",NA,NA,NA,1714,1238,498,489,951,377,969,551,811,368,362,340,3153,2595
58.80317,17.62533,2014,9,"Sweden","MATERIAL_SAMPLE",NA,NA,NA,1714,1238,498,489,951,377,969,551,811,368,362,340,3153,2595
58.80317,17.62533,2014,10,"Sweden","MATERIAL_SAMPLE",NA,NA,NA,1714,1238,498,489,951,377,969,551,811,368,362,340,3153,2595
58.80317,17.62533,2014,10,"Sweden","MATERIAL_SAMPLE",NA,NA,NA,1714,1238,498,489,951,377,969,551,811,368,362,340,3153,2595
58.80317,17.62533,2013,5,"Sweden","MATERIAL_SAMPLE",NA,NA,NA,1714,1238,498,489,951,377,969,551,811,368,362,340,3153,2595
58.80317,17.62533,2013,5,"Sweden","MATERIAL_SAMPLE",NA,NA,NA,1714,1238,498,489,951,377,969,551,811,368,362,340,3153,2595
58.80317,17.62533,2013,5,"Sweden","MATERIAL_SAMPLE",NA,NA,NA,1714,1238,498,489,951,377,969,551,811,368,362,340,3153,2595
58.80317,17.62533,2013,7,"Sweden","MATERIAL_SAMPLE",NA,NA,NA,1714,1238,498,489,951,377,969,551,811,368,362,340,3153,2595
58.80317,17.62533,2013,7,"Sweden","MATERIAL_SAMPLE",NA,NA,NA,1714,1238,498,489,951,377,969,551,811,368,362,340,3153,2595
58.80317,17.62533,2013,8,"Sweden","MATERIAL_SAMPLE",NA,NA,NA,1714,1238,498,489,951,377,969,551,811,368,362,340,3153,2595
58.80317,17.62533,2013,8,"Sweden","MATERIAL_SAMPLE",NA,NA,NA,1714,1238,498,489,951,377,969,551,811,368,362,340,3153,2595
58.80317,17.62533,2013,8,"Sweden","MATERIAL_SAMPLE",NA,NA,NA,1714,1238,498,489,951,377,969,551,811,368,362,340,3153,2595
58.80317,17.62533,2013,8,"Sweden","MATERIAL_SAMPLE",NA,NA,NA,1714,1238,498,489,951,377,969,551,811,368,362,340,3153,2595
58.80317,17.62533,2013,9,"Sweden","MATERIAL_SAMPLE",NA,NA,NA,1714,1238,498,489,951,377,969,551,811,368,362,340,3153,2595
58.80317,17.62533,2013,9,"Sweden","MATERIAL_SAMPLE",NA,NA,NA,1714,1238,498,489,951,377,969,551,811,368,362,340,3153,2595
58.80317,17.62533,2013,9,"Sweden","MATERIAL_SAMPLE",NA,NA,NA,1714,1238,498,489,951,377,969,551,811,368,362,340,3153,2595
58.80317,17.62533,2013,9,"Sweden","MATERIAL_SAMPLE",NA,NA,NA,1714,1238,498,489,951,377,969,551,811,368,362,340,3153,2595
58.80317,17.62533,2013,10,"Sweden","MATERIAL_SAMPLE",NA,NA,NA,1714,1238,498,489,951,377,969,551,811,368,362,340,3153,2595
58.80317,17.62533,2013,10,"Sweden","MATERIAL_SAMPLE",NA,NA,NA,1714,1238,498,489,951,377,969,551,811,368,362,340,3153,2595
58.80317,17.62533,2013,11,"Sweden","MATERIAL_SAMPLE",NA,NA,NA,1714,1238,498,489,951,377,969,551,811,368,362,340,3153,2595
58.80317,17.62533,2012,3,"Sweden","MATERIAL_SAMPLE",NA,NA,NA,1714,1238,498,489,951,377,969,551,811,368,362,340,3153,2595
58.80317,17.62533,2012,3,"Sweden","MATERIAL_SAMPLE",NA,NA,NA,1714,1238,498,489,951,377,969,551,811,368,362,340,3153,2595
58.80317,17.62533,2012,4,"Sweden","MATERIAL_SAMPLE",NA,NA,NA,1714,1238,498,489,951,377,969,551,811,368,362,340,3153,2595
58.80317,17.62533,2012,4,"Sweden","MATERIAL_SAMPLE",NA,NA,NA,1714,1238,498,489,951,377,969,551,811,368,362,340,3153,2595
58.80317,17.62533,2012,4,"Sweden","MATERIAL_SAMPLE",NA,NA,NA,1714,1238,498,489,951,377,969,551,811,368,362,340,3153,2595
58.80317,17.62533,2012,4,"Sweden","MATERIAL_SAMPLE",NA,NA,NA,1714,1238,498,489,951,377,969,551,811,368,362,340,3153,2595
58.80317,17.62533,2012,4,"Sweden","MATERIAL_SAMPLE",NA,NA,NA,1714,1238,498,489,951,377,969,551,811,368,362,340,3153,2595
58.80317,17.62533,2012,4,"Sweden","MATERIAL_SAMPLE",NA,NA,NA,1714,1238,498,489,951,377,969,551,811,368,362,340,3153,2595
58.80317,17.62533,2012,6,"Sweden","MATERIAL_SAMPLE",NA,NA,NA,1714,1238,498,489,951,377,969,551,811,368,362,340,3153,2595
58.80317,17.62533,2012,6,"Sweden","MATERIAL_SAMPLE",NA,NA,NA,1714,1238,498,489,951,377,969,551,811,368,362,340,3153,2595
58.80317,17.62533,2012,7,"Sweden","MATERIAL_SAMPLE",NA,NA,NA,1714,1238,498,489,951,377,969,551,811,368,362,340,3153,2595
58.80317,17.62533,2012,7,"Sweden","MATERIAL_SAMPLE",NA,NA,NA,1714,1238,498,489,951,377,969,551,811,368,362,340,3153,2595
58.80317,17.62533,2012,7,"Sweden","MATERIAL_SAMPLE",NA,NA,NA,1714,1238,498,489,951,377,969,551,811,368,362,340,3153,2595
58.80317,17.62533,2012,7,"Sweden","MATERIAL_SAMPLE",NA,NA,NA,1714,1238,498,489,951,377,969,551,811,368,362,340,3153,2595
58.80317,17.62533,2012,7,"Sweden","MATERIAL_SAMPLE",NA,NA,NA,1714,1238,498,489,951,377,969,551,811,368,362,340,3153,2595
58.80317,17.62533,2012,7,"Sweden","MATERIAL_SAMPLE",NA,NA,NA,1714,1238,498,489,951,377,969,551,811,368,362,340,3153,2595
58.80317,17.62533,2012,8,"Sweden","MATERIAL_SAMPLE",NA,NA,NA,1714,1238,498,489,951,377,969,551,811,368,362,340,3153,2595
58.80317,17.62533,2012,8,"Sweden","MATERIAL_SAMPLE",NA,NA,NA,1714,1238,498,489,951,377,969,551,811,368,362,340,3153,2595
58.80317,17.62533,2012,9,"Sweden","MATERIAL_SAMPLE",NA,NA,NA,1714,1238,498,489,951,377,969,551,811,368,362,340,3153,2595
58.80317,17.62533,2012,9,"Sweden","MATERIAL_SAMPLE",NA,NA,NA,1714,1238,498,489,951,377,969,551,811,368,362,340,3153,2595
58.80317,17.62533,2012,9,"Sweden","MATERIAL_SAMPLE",NA,NA,NA,1714,1238,498,489,951,377,969,551,811,368,362,340,3153,2595
58.80317,17.62533,2012,9,"Sweden","MATERIAL_SAMPLE",NA,NA,NA,1714,1238,498,489,951,377,969,551,811,368,362,340,3153,2595
58.803,17.62533,2011,5,"Sweden","MATERIAL_SAMPLE",NA,NA,NA,1714,1238,498,489,951,377,969,551,811,368,362,340,3153,2595
58.803,17.62533,2011,5,"Sweden","MATERIAL_SAMPLE",NA,NA,NA,1714,1238,498,489,951,377,969,551,811,368,362,340,3153,2595
58.803,17.62533,2011,6,"Sweden","MATERIAL_SAMPLE",NA,NA,NA,1714,1238,498,489,951,377,969,551,811,368,362,340,3153,2595
53.5085,8.1567,2011,7,"Germany","MATERIAL_SAMPLE",53.45,8.25,8.98,492,418,1260,691,667,629,443,388,640,519,1689,1159,1945,1775
53.5085,8.1567,2011,7,"Germany","MATERIAL_SAMPLE",53.45,8.25,8.98,492,418,1260,691,667,629,443,388,640,519,1689,1159,1945,1775
53.5085,8.1567,2011,7,"Germany","MATERIAL_SAMPLE",53.45,8.25,8.98,492,418,1260,691,667,629,443,388,640,519,1689,1159,1945,1775
53.5085,8.1567,2011,7,"Germany","MATERIAL_SAMPLE",53.45,8.25,8.98,492,418,1260,691,667,629,443,388,640,519,1689,1159,1945,1775
53.5085,8.1567,2011,7,"Germany","MATERIAL_SAMPLE",53.45,8.25,8.98,492,418,1260,691,667,629,443,388,640,519,1689,1159,1945,1775
58.803,17.62533,2011,8,"Sweden","MATERIAL_SAMPLE",NA,NA,NA,1714,1238,498,489,951,377,969,551,811,368,362,340,3153,2595
58.803,17.62533,2011,8,"Sweden","MATERIAL_SAMPLE",NA,NA,NA,1714,1238,498,489,951,377,969,551,811,368,362,340,3153,2595
58.803,17.62533,2011,8,"Sweden","MATERIAL_SAMPLE",NA,NA,NA,1714,1238,498,489,951,377,969,551,811,368,362,340,3153,2595
58.803,17.62533,2011,8,"Sweden","MATERIAL_SAMPLE",NA,NA,NA,1714,1238,498,489,951,377,969,551,811,368,362,340,3153,2595
58.803,17.62533,2011,8,"Sweden","MATERIAL_SAMPLE",NA,NA,NA,1714,1238,498,489,951,377,969,551,811,368,362,340,3153,2595
58.803,17.62533,2011,8,"Sweden","MATERIAL_SAMPLE",NA,NA,NA,1714,1238,498,489,951,377,969,551,811,368,362,340,3153,2595
58.803,17.62533,2011,9,"Sweden","MATERIAL_SAMPLE",NA,NA,NA,1714,1238,498,489,951,377,969,551,811,368,362,340,3153,2595
58.803,17.62533,2011,9,"Sweden","MATERIAL_SAMPLE",NA,NA,NA,1714,1238,498,489,951,377,969,551,811,368,362,340,3153,2595
58.803,17.62533,2011,9,"Sweden","MATERIAL_SAMPLE",NA,NA,NA,1714,1238,498,489,951,377,969,551,811,368,362,340,3153,2595
58.803,17.62533,2011,9,"Sweden","MATERIAL_SAMPLE",NA,NA,NA,1714,1238,498,489,951,377,969,551,811,368,362,340,3153,2595
58.803,17.62533,2011,10,"Sweden","MATERIAL_SAMPLE",NA,NA,NA,1714,1238,498,489,951,377,969,551,811,368,362,340,3153,2595
58.803,17.62533,2011,10,"Sweden","MATERIAL_SAMPLE",NA,NA,NA,1714,1238,498,489,951,377,969,551,811,368,362,340,3153,2595
58.803,17.62533,2010,4,"Sweden","MATERIAL_SAMPLE",NA,NA,NA,1714,1238,498,489,951,377,969,551,811,368,362,340,3153,2595
58.803,17.62533,2010,4,"Sweden","MATERIAL_SAMPLE",NA,NA,NA,1714,1238,498,489,951,377,969,551,811,368,362,340,3153,2595
58.803,17.62533,2010,4,"Sweden","MATERIAL_SAMPLE",NA,NA,NA,1714,1238,498,489,951,377,969,551,811,368,362,340,3153,2595
58.803,17.62533,2010,4,"Sweden","MATERIAL_SAMPLE",NA,NA,NA,1714,1238,498,489,951,377,969,551,811,368,362,340,3153,2595
58.803,17.62533,2010,4,"Sweden","MATERIAL_SAMPLE",NA,NA,NA,1714,1238,498,489,951,377,969,551,811,368,362,340,3153,2595
58.803,17.62533,2010,5,"Sweden","MATERIAL_SAMPLE",NA,NA,NA,1714,1238,498,489,951,377,969,551,811,368,362,340,3153,2595
58.803,17.62533,2010,5,"Sweden","MATERIAL_SAMPLE",NA,NA,NA,1714,1238,498,489,951,377,969,551,811,368,362,340,3153,2595
58.803,17.62533,2010,5,"Sweden","MATERIAL_SAMPLE",NA,NA,NA,1714,1238,498,489,951,377,969,551,811,368,362,340,3153,2595
58.803,17.62533,2010,5,"Sweden","MATERIAL_SAMPLE",NA,NA,NA,1714,1238,498,489,951,377,969,551,811,368,362,340,3153,2595
58.803,17.62533,2010,5,"Sweden","MATERIAL_SAMPLE",NA,NA,NA,1714,1238,498,489,951,377,969,551,811,368,362,340,3153,2595
58.803,17.62533,2010,5,"Sweden","MATERIAL_SAMPLE",NA,NA,NA,1714,1238,498,489,951,377,969,551,811,368,362,340,3153,2595
58.803,17.62533,2010,6,"Sweden","MATERIAL_SAMPLE",NA,NA,NA,1714,1238,498,489,951,377,969,551,811,368,362,340,3153,2595
58.803,17.62533,2010,6,"Sweden","MATERIAL_SAMPLE",NA,NA,NA,1714,1238,498,489,951,377,969,551,811,368,362,340,3153,2595
58.803,17.62533,2010,6,"Sweden","MATERIAL_SAMPLE",NA,NA,NA,1714,1238,498,489,951,377,969,551,811,368,362,340,3153,2595
58.803,17.62533,2010,6,"Sweden","MATERIAL_SAMPLE",NA,NA,NA,1714,1238,498,489,951,377,969,551,811,368,362,340,3153,2595
58.25833,11.43333,2010,8,"Sweden","MATERIAL_SAMPLE",NA,NA,NA,955,934,742,615,73,71,211,208,69,67,1172,700,2394,2274
58.803,17.62533,2010,8,"Sweden","MATERIAL_SAMPLE",NA,NA,NA,1714,1238,498,489,951,377,969,551,811,368,362,340,3153,2595
58.803,17.62533,2010,8,"Sweden","MATERIAL_SAMPLE",NA,NA,NA,1714,1238,498,489,951,377,969,551,811,368,362,340,3153,2595
58.803,17.62533,2010,8,"Sweden","MATERIAL_SAMPLE",NA,NA,NA,1714,1238,498,489,951,377,969,551,811,368,362,340,3153,2595
58.803,17.62533,2010,8,"Sweden","MATERIAL_SAMPLE",NA,NA,NA,1714,1238,498,489,951,377,969,551,811,368,362,340,3153,2595
58.25833,11.43333,2010,9,"Sweden","MATERIAL_SAMPLE",NA,NA,NA,955,934,742,615,73,71,211,208,69,67,1172,700,2394,2274
58.803,17.62533,2010,9,"Sweden","MATERIAL_SAMPLE",NA,NA,NA,1714,1238,498,489,951,377,969,551,811,368,362,340,3153,2595
58.803,17.62533,2010,10,"Sweden","MATERIAL_SAMPLE",NA,NA,NA,1714,1238,498,489,951,377,969,551,811,368,362,340,3153,2595
58.803,17.62533,2010,10,"Sweden","MATERIAL_SAMPLE",NA,NA,NA,1714,1238,498,489,951,377,969,551,811,368,362,340,3153,2595
58.803,17.62533,2010,10,"Sweden","MATERIAL_SAMPLE",NA,NA,NA,1714,1238,498,489,951,377,969,551,811,368,362,340,3153,2595
58.803,17.62533,2010,10,"Sweden","MATERIAL_SAMPLE",NA,NA,NA,1714,1238,498,489,951,377,969,551,811,368,362,340,3153,2595
58.25833,11.43333,2010,11,"Sweden","MATERIAL_SAMPLE",NA,NA,NA,955,934,742,615,73,71,211,208,69,67,1172,700,2394,2274
58.25833,11.43333,2010,11,"Sweden","MATERIAL_SAMPLE",NA,NA,NA,955,934,742,615,73,71,211,208,69,67,1172,700,2394,2274
58.803,17.62533,2010,11,"Sweden","MATERIAL_SAMPLE",NA,NA,NA,1714,1238,498,489,951,377,969,551,811,368,362,340,3153,2595
58.25833,11.43333,2009,2,"Sweden","MATERIAL_SAMPLE",NA,NA,NA,955,934,742,615,73,71,211,208,69,67,1172,700,2394,2274
58.25833,11.43333,2009,2,"Sweden","MATERIAL_SAMPLE",NA,NA,NA,955,934,742,615,73,71,211,208,69,67,1172,700,2394,2274
58.803,17.62533,2009,3,"Sweden","MATERIAL_SAMPLE",NA,NA,NA,1714,1238,498,489,951,377,969,551,811,368,362,340,3153,2595
58.803,17.62533,2009,3,"Sweden","MATERIAL_SAMPLE",NA,NA,NA,1714,1238,498,489,951,377,969,551,811,368,362,340,3153,2595
58.25833,11.43333,2009,4,"Sweden","MATERIAL_SAMPLE",NA,NA,NA,955,934,742,615,73,71,211,208,69,67,1172,700,2394,2274
58.803,17.62533,2009,4,"Sweden","MATERIAL_SAMPLE",NA,NA,NA,1714,1238,498,489,951,377,969,551,811,368,362,340,3153,2595
58.803,17.62533,2009,4,"Sweden","MATERIAL_SAMPLE",NA,NA,NA,1714,1238,498,489,951,377,969,551,811,368,362,340,3153,2595
58.803,17.62533,2009,4,"Sweden","MATERIAL_SAMPLE",NA,NA,NA,1714,1238,498,489,951,377,969,551,811,368,362,340,3153,2595
58.803,17.62533,2009,4,"Sweden","MATERIAL_SAMPLE",NA,NA,NA,1714,1238,498,489,951,377,969,551,811,368,362,340,3153,2595
58.803,17.62533,2009,4,"Sweden","MATERIAL_SAMPLE",NA,NA,NA,1714,1238,498,489,951,377,969,551,811,368,362,340,3153,2595
58.803,17.62533,2009,4,"Sweden","MATERIAL_SAMPLE",NA,NA,NA,1714,1238,498,489,951,377,969,551,811,368,362,340,3153,2595
58.803,17.62533,2009,6,"Sweden","MATERIAL_SAMPLE",NA,NA,NA,1714,1238,498,489,951,377,969,551,811,368,362,340,3153,2595
58.803,17.62533,2009,7,"Sweden","MATERIAL_SAMPLE",NA,NA,NA,1714,1238,498,489,951,377,969,551,811,368,362,340,3153,2595
58.803,17.62533,2009,7,"Sweden","MATERIAL_SAMPLE",NA,NA,NA,1714,1238,498,489,951,377,969,551,811,368,362,340,3153,2595
58.25833,11.43333,2009,11,"Sweden","MATERIAL_SAMPLE",NA,NA,NA,955,934,742,615,73,71,211,208,69,67,1172,700,2394,2274
58.25833,11.43333,2009,11,"Sweden","MATERIAL_SAMPLE",NA,NA,NA,955,934,742,615,73,71,211,208,69,67,1172,700,2394,2274
58.803,17.62533,2008,4,"Sweden","MATERIAL_SAMPLE",NA,NA,NA,1714,1238,498,489,951,377,969,551,811,368,362,340,3153,2595
58.803,17.62533,2008,4,"Sweden","MATERIAL_SAMPLE",NA,NA,NA,1714,1238,498,489,951,377,969,551,811,368,362,340,3153,2595
58.803,17.62533,2008,8,"Sweden","MATERIAL_SAMPLE",NA,NA,NA,1714,1238,498,489,951,377,969,551,811,368,362,340,3153,2595
58.803,17.62533,2008,8,"Sweden","MATERIAL_SAMPLE",NA,NA,NA,1714,1238,498,489,951,377,969,551,811,368,362,340,3153,2595
58.803,17.62533,2008,8,"Sweden","MATERIAL_SAMPLE",NA,NA,NA,1714,1238,498,489,951,377,969,551,811,368,362,340,3153,2595
58.803,17.62533,2008,8,"Sweden","MATERIAL_SAMPLE",NA,NA,NA,1714,1238,498,489,951,377,969,551,811,368,362,340,3153,2595
58.803,17.62533,2008,9,"Sweden","MATERIAL_SAMPLE",NA,NA,NA,1714,1238,498,489,951,377,969,551,811,368,362,340,3153,2595
58.803,17.62533,2008,9,"Sweden","MATERIAL_SAMPLE",NA,NA,NA,1714,1238,498,489,951,377,969,551,811,368,362,340,3153,2595
58.803,17.62533,2008,11,"Sweden","MATERIAL_SAMPLE",NA,NA,NA,1714,1238,498,489,951,377,969,551,811,368,362,340,3153,2595
58.803,17.62533,2008,11,"Sweden","MATERIAL_SAMPLE",NA,NA,NA,1714,1238,498,489,951,377,969,551,811,368,362,340,3153,2595
58.803,17.62533,2007,7,"Sweden","MATERIAL_SAMPLE",NA,NA,NA,1714,1238,498,489,951,377,969,551,811,368,362,340,3153,2595
58.803,17.62533,2007,7,"Sweden","MATERIAL_SAMPLE",NA,NA,NA,1714,1238,498,489,951,377,969,551,811,368,362,340,3153,2595
58.803,17.62533,2007,7,"Sweden","MATERIAL_SAMPLE",NA,NA,NA,1714,1238,498,489,951,377,969,551,811,368,362,340,3153,2595
58.803,17.62533,2007,8,"Sweden","MATERIAL_SAMPLE",NA,NA,NA,1714,1238,498,489,951,377,969,551,811,368,362,340,3153,2595
58.803,17.62533,2007,9,"Sweden","MATERIAL_SAMPLE",NA,NA,NA,1714,1238,498,489,951,377,969,551,811,368,362,340,3153,2595
58.803,17.62533,2007,10,"Sweden","MATERIAL_SAMPLE",NA,NA,NA,1714,1238,498,489,951,377,969,551,811,368,362,340,3153,2595
58.803,17.62533,2003,10,"Sweden","MATERIAL_SAMPLE",NA,NA,NA,1714,1238,498,489,951,377,969,551,811,368,362,340,3153,2595
58.803,17.62533,2003,10,"Sweden","MATERIAL_SAMPLE",NA,NA,NA,1714,1238,498,489,951,377,969,551,811,368,362,340,3153,2595
58.803,17.62533,2000,5,"Sweden","MATERIAL_SAMPLE",NA,NA,NA,1714,1238,498,489,951,377,969,551,811,368,362,340,3153,2595
58.803,17.62533,2000,6,"Sweden","MATERIAL_SAMPLE",NA,NA,NA,1714,1238,498,489,951,377,969,551,811,368,362,340,3153,2595
58.803,17.62533,2000,8,"Sweden","MATERIAL_SAMPLE",NA,NA,NA,1714,1238,498,489,951,377,969,551,811,368,362,340,3153,2595
58.803,17.62533,1999,10,"Sweden","MATERIAL_SAMPLE",NA,NA,NA,1714,1238,498,489,951,377,969,551,811,368,362,340,3153,2595
58.803,17.62533,1998,10,"Sweden","MATERIAL_SAMPLE",NA,NA,NA,1714,1238,498,489,951,377,969,551,811,368,362,340,3153,2595
50.81,-1.23,1996,1,"United Kingdom of Great Britain and Northern Ireland","MATERIAL_SAMPLE",50.75,-1.14999999999998,8.74,333,309,1864,1398,1269,1196,1049,957,1243,1137,2293,1835,1177,1112
50.665335,-3.467866,1996,5,"United Kingdom of Great Britain and Northern Ireland","MATERIAL_SAMPLE",NA,NA,NA,507,471,2038,1551,1443,1304,1223,1076,1418,1258,2468,1962,1068,1022
50.49402,-4.220885,1996,6,"United Kingdom of Great Britain and Northern Ireland","MATERIAL_SAMPLE",50.35,-4.25,16.16,576,533,2107,1616,1512,1367,1292,1140,1487,1322,2536,2027,1007,967
50.49402,-4.220885,1996,7,"United Kingdom of Great Britain and Northern Ireland","MATERIAL_SAMPLE",50.35,-4.25,16.16,576,533,2107,1616,1512,1367,1292,1140,1487,1322,2536,2027,1007,967
50.665335,-3.467866,1994,4,"United Kingdom of Great Britain and Northern Ireland","MATERIAL_SAMPLE",NA,NA,NA,507,471,2038,1551,1443,1304,1223,1076,1418,1258,2468,1962,1068,1022
50.665335,-3.467866,1994,10,"United Kingdom of Great Britain and Northern Ireland","MATERIAL_SAMPLE",NA,NA,NA,507,471,2038,1551,1443,1304,1223,1076,1418,1258,2468,1962,1068,1022
56.04444,-3.68738,1981,8,"United Kingdom of Great Britain and Northern Ireland","MATERIAL_SAMPLE",NA,NA,NA,Inf,690,Inf,1425,Inf,940,Inf,790,Inf,956,Inf,1638,Inf,1580
56.04444,-3.68738,1980,8,"United Kingdom of Great Britain and Northern Ireland","MATERIAL_SAMPLE",NA,NA,NA,Inf,690,Inf,1425,Inf,940,Inf,790,Inf,956,Inf,1638,Inf,1580
56.04444,-3.68738,1980,12,"United Kingdom of Great Britain and Northern Ireland","MATERIAL_SAMPLE",NA,NA,NA,Inf,690,Inf,1425,Inf,940,Inf,790,Inf,956,Inf,1638,Inf,1580
51.745672,0.891051,1963,5,"United Kingdom of Great Britain and Northern Ireland","MATERIAL_SAMPLE",51.75,0.950000000000017,4.09,168,159,1629,1219,1033,1020,815,778,1009,956,2058,1651,1436,1289
51.745672,0.891051,1963,5,"United Kingdom of Great Britain and Northern Ireland","MATERIAL_SAMPLE",51.75,0.950000000000017,4.09,168,159,1629,1219,1033,1020,815,778,1009,956,2058,1651,1436,1289
51.745672,0.891051,1962,1,"United Kingdom of Great Britain and Northern Ireland","MATERIAL_SAMPLE",51.75,0.950000000000017,4.09,168,159,1629,1219,1033,1020,815,778,1009,956,2058,1651,1436,1289
51.745672,0.891051,1962,1,"United Kingdom of Great Britain and Northern Ireland","MATERIAL_SAMPLE",51.75,0.950000000000017,4.09,168,159,1629,1219,1033,1020,815,778,1009,956,2058,1651,1436,1289
54.104401,-3.206205,1955,1,"United Kingdom of Great Britain and Northern Ireland","MATERIAL_SAMPLE",NA,NA,NA,1160,527,2254,1418,1613,1026,1505,834,1625,1013,2684,1717,1430,1383
50.395606,-4.208107,NA,NA,"United Kingdom of Great Britain and Northern Ireland","MATERIAL_SAMPLE",NA,NA,NA,576,528,2107,1611,1512,1361,1292,1134,1487,1317,2536,2021,1007,973
54.354,10.1673,NA,NA,"Germany","MATERIAL_SAMPLE",54.45,10.25,11.95,1233,589,584,545,501,496,488,283,372,371,1045,987,2672,1947
54.354,10.1673,NA,NA,"Germany","MATERIAL_SAMPLE",54.45,10.25,11.95,1233,589,584,545,501,496,488,283,372,371,1045,987,2672,1947
54.354,10.1673,NA,NA,"Germany","MATERIAL_SAMPLE",54.45,10.25,11.95,1233,589,584,545,501,496,488,283,372,371,1045,987,2672,1947
54.354,10.1673,NA,NA,"Germany","MATERIAL_SAMPLE",54.45,10.25,11.95,1233,589,584,545,501,496,488,283,372,371,1045,987,2672,1947
54.354,10.1673,NA,NA,"Germany","MATERIAL_SAMPLE",54.45,10.25,11.95,1233,589,584,545,501,496,488,283,372,371,1045,987,2672,1947
53.51,8.16,NA,NA,"unknown or invalid","MATERIAL_SAMPLE",53.45,8.25,8.95,492,418,1260,691,667,629,443,388,640,519,1689,1159,1945,1775
53.51,8.16,NA,NA,"unknown or invalid","MATERIAL_SAMPLE",53.45,8.25,8.95,492,418,1260,691,667,629,443,388,640,519,1689,1159,1945,1775
53.51,8.16,NA,NA,"unknown or invalid","MATERIAL_SAMPLE",53.45,8.25,8.95,492,418,1260,691,667,629,443,388,640,519,1689,1159,1945,1775
53.51,8.16,NA,NA,"unknown or invalid","MATERIAL_SAMPLE",53.45,8.25,8.95,492,418,1260,691,667,629,443,388,640,519,1689,1159,1945,1775
53.51,8.16,NA,NA,"unknown or invalid","MATERIAL_SAMPLE",53.45,8.25,8.95,492,418,1260,691,667,629,443,388,640,519,1689,1159,1945,1775
53.51,8.16,NA,NA,"unknown or invalid","MATERIAL_SAMPLE",53.45,8.25,8.95,492,418,1260,691,667,629,443,388,640,519,1689,1159,1945,1775
54.48522,18.57111,2019,NA,"Poland","OCCURRENCE",54.45,18.65,6.44,1576,1096,0,0,813,675,831,662,673,561,665,661,3015,2421
60.15222,24.91972,2018,8,"Finland","OCCURRENCE",60.15,25.05,7.22,2110,1676,753,742,1347,801,1365,997,1207,814,114,106,3549,3035
59.841505,23.248879,2018,NA,"Finland","OCCURRENCE",NA,NA,NA,2006,1570,665,661,1243,698,1261,891,1103,708,0,0,3444,2930
59.841505,23.248879,2018,NA,"Finland","OCCURRENCE",NA,NA,NA,2006,1570,665,661,1243,698,1261,891,1103,708,0,0,3444,2930
60.523067,27.166851,2013,8,"Finland","OCCURRENCE",60.45,27.15,8.19,2240,1795,876,839,1477,919,1495,1117,1337,934,244,227,3679,3155
60.517206,27.153225,2013,8,"Finland","OCCURRENCE",60.45,27.15,7.48,2240,1795,876,839,1477,919,1495,1117,1337,934,244,227,3679,3155
60.456494,22.052861,2012,8,"Finland","OCCURRENCE",60.45,21.95,5.69,1995,1542,698,697,1232,635,1250,844,1092,662,107,99,3434,2900
60.457755,22.046252,2012,8,"Finland","OCCURRENCE",60.45,21.95,5.35,1995,1542,698,697,1232,635,1250,844,1092,662,107,99,3434,2900
60.458216,22.038216,2012,8,"Finland","OCCURRENCE",60.45,21.95,4.93,1995,1542,698,697,1232,635,1250,844,1092,662,107,99,3434,2900
60.43437,22.217511,2012,8,"Finland","OCCURRENCE",60.35,22.25,9.56,1997,1551,693,692,1234,649,1252,855,1094,673,89,79,3436,2908
60.443588,22.217189,2012,8,"Finland","OCCURRENCE",60.35,22.25,10.57,1997,1551,693,692,1234,649,1252,855,1094,673,89,79,3436,2908
60.442392,22.166624,2012,8,"Finland","OCCURRENCE",60.35,22.15,10.33,1994,1546,691,690,1230,644,1249,850,1091,667,91,83,3432,2903
51.22327,4.394064,1996,3,"Belgium","OCCURRENCE",51.35,4.25,17.31,104,77,1563,1026,969,944,746,693,943,854,1992,1517,1586,1416
51.22327,4.394064,1996,3,"Belgium","OCCURRENCE",51.35,4.25,17.31,104,77,1563,1026,969,944,746,693,943,854,1992,1517,1586,1416
51.34774,4.263155,1996,3,"Belgium","OCCURRENCE",NA,NA,NA,104,78,1563,1026,969,944,746,693,943,854,1992,1516,1586,1417
51.295227,4.295644,1996,3,"Belgium","OCCURRENCE",51.35,4.25,6.87,104,77,1563,1026,969,944,746,693,943,854,1992,1517,1586,1416
51.034847,4.105823,1996,3,"Belgium","OCCURRENCE",51.35,4.25,36.5,104,77,1563,1026,969,944,746,693,943,854,1992,1517,1586,1416
51.175823,4.327717,1996,3,"Belgium","OCCURRENCE",51.35,4.25,20.13,104,77,1563,1026,969,944,746,693,943,854,1992,1517,1586,1416
51.049152,4.060539,1996,3,"Belgium","OCCURRENCE",51.35,4.25,36,104,77,1563,1026,969,944,746,693,943,854,1992,1517,1586,1416
51.121445,4.219643,1996,3,"Belgium","OCCURRENCE",51.35,4.25,25.53,104,77,1563,1026,969,944,746,693,943,854,1992,1517,1586,1416
51.05313,4.132248,1996,3,"Belgium","OCCURRENCE",51.35,4.25,34.05,104,77,1563,1026,969,944,746,693,943,854,1992,1517,1586,1416
51.34774,4.263155,1996,5,"Belgium","OCCURRENCE",NA,NA,NA,104,78,1563,1026,969,944,746,693,943,854,1992,1516,1586,1417
51.34774,4.263155,1996,5,"Belgium","OCCURRENCE",NA,NA,NA,104,78,1563,1026,969,944,746,693,943,854,1992,1516,1586,1417
51.34774,4.263155,1996,5,"Belgium","OCCURRENCE",NA,NA,NA,104,78,1563,1026,969,944,746,693,943,854,1992,1516,1586,1417
51.295227,4.295644,1996,5,"Belgium","OCCURRENCE",51.35,4.25,6.87,104,77,1563,1026,969,944,746,693,943,854,1992,1517,1586,1416
51.295227,4.295644,1996,5,"Belgium","OCCURRENCE",51.35,4.25,6.87,104,77,1563,1026,969,944,746,693,943,854,1992,1517,1586,1416
51.295227,4.295644,1996,5,"Belgium","OCCURRENCE",51.35,4.25,6.87,104,77,1563,1026,969,944,746,693,943,854,1992,1517,1586,1416
51.223267,4.394064,1995,8,"Belgium","OCCURRENCE",51.35,4.25,17.31,104,77,1563,1026,969,944,746,693,943,854,1992,1517,1586,1416
51.223267,4.394064,1995,8,"Belgium","OCCURRENCE",51.35,4.25,17.31,104,77,1563,1026,969,944,746,693,943,854,1992,1517,1586,1416
51.223267,4.394064,1995,8,"Belgium","OCCURRENCE",51.35,4.25,17.31,104,77,1563,1026,969,944,746,693,943,854,1992,1517,1586,1416
51.034847,4.105823,1995,8,"Belgium","OCCURRENCE",51.35,4.25,36.5,104,77,1563,1026,969,944,746,693,943,854,1992,1517,1586,1416
51.323135,4.270282,1995,8,"Belgium","OCCURRENCE",NA,NA,NA,104,78,1563,1026,969,946,746,695,943,856,1992,1518,1586,1416
51.323135,4.270282,1995,8,"Belgium","OCCURRENCE",NA,NA,NA,104,78,1563,1026,969,946,746,695,943,856,1992,1518,1586,1416
51.323135,4.270282,1995,8,"Belgium","OCCURRENCE",NA,NA,NA,104,78,1563,1026,969,946,746,695,943,856,1992,1518,1586,1416
51.26649,4.304915,1995,8,"Belgium","OCCURRENCE",51.35,4.25,10.05,104,77,1563,1026,969,944,746,693,943,854,1992,1517,1586,1416
51.26649,4.304915,1995,8,"Belgium","OCCURRENCE",51.35,4.25,10.05,104,77,1563,1026,969,944,746,693,943,854,1992,1517,1586,1416
51.082222,4.366111,1995,8,"Belgium","OCCURRENCE",51.35,4.25,30.89,104,77,1563,1026,969,944,746,693,943,854,1992,1517,1586,1416
51.291542,4.313483,1995,8,"Belgium","OCCURRENCE",51.35,4.25,7.86,104,77,1563,1026,969,944,746,693,943,854,1992,1517,1586,1416
51.291542,4.313483,1995,8,"Belgium","OCCURRENCE",51.35,4.25,7.86,104,77,1563,1026,969,944,746,693,943,854,1992,1517,1586,1416
51.291542,4.313483,1995,8,"Belgium","OCCURRENCE",51.35,4.25,7.86,104,77,1563,1026,969,944,746,693,943,854,1992,1517,1586,1416
51.26397,4.302569,1995,8,"Belgium","OCCURRENCE",51.35,4.25,10.25,104,77,1563,1026,969,944,746,693,943,854,1992,1517,1586,1416
51.26397,4.302569,1995,8,"Belgium","OCCURRENCE",51.35,4.25,10.25,104,77,1563,1026,969,944,746,693,943,854,1992,1517,1586,1416
51.121445,4.219643,1995,8,"Belgium","OCCURRENCE",51.35,4.25,25.53,104,77,1563,1026,969,944,746,693,943,854,1992,1517,1586,1416
51.346298,4.2854,1995,8,"Belgium","OCCURRENCE",NA,NA,NA,104,79,1563,1024,969,943,746,692,943,853,1992,1515,1586,1418
51.346298,4.2854,1995,8,"Belgium","OCCURRENCE",NA,NA,NA,104,79,1563,1024,969,943,746,692,943,853,1992,1515,1586,1418
51.346298,4.2854,1995,8,"Belgium","OCCURRENCE",NA,NA,NA,104,79,1563,1024,969,943,746,692,943,853,1992,1515,1586,1418
51.323135,4.270282,1995,10,"Belgium","OCCURRENCE",NA,NA,NA,104,78,1563,1026,969,946,746,695,943,856,1992,1518,1586,1416
51.323135,4.270282,1995,10,"Belgium","OCCURRENCE",NA,NA,NA,104,78,1563,1026,969,946,746,695,943,856,1992,1518,1586,1416
51.291542,4.313483,1995,10,"Belgium","OCCURRENCE",51.35,4.25,7.86,104,77,1563,1026,969,944,746,693,943,854,1992,1517,1586,1416
51.291542,4.313483,1995,10,"Belgium","OCCURRENCE",51.35,4.25,7.86,104,77,1563,1026,969,944,746,693,943,854,1992,1517,1586,1416
51.291542,4.313483,1995,10,"Belgium","OCCURRENCE",51.35,4.25,7.86,104,77,1563,1026,969,944,746,693,943,854,1992,1517,1586,1416
51.26397,4.302569,1995,10,"Belgium","OCCURRENCE",51.35,4.25,10.25,104,77,1563,1026,969,944,746,693,943,854,1992,1517,1586,1416
51.26397,4.302569,1995,10,"Belgium","OCCURRENCE",51.35,4.25,10.25,104,77,1563,1026,969,944,746,693,943,854,1992,1517,1586,1416
51.26397,4.302569,1995,10,"Belgium","OCCURRENCE",51.35,4.25,10.25,104,77,1563,1026,969,944,746,693,943,854,1992,1517,1586,1416
51.346298,4.2854,1995,10,"Belgium","OCCURRENCE",NA,NA,NA,104,79,1563,1024,969,943,746,692,943,853,1992,1515,1586,1418
51.252205,4.322323,1995,12,"Belgium","OCCURRENCE",51.35,4.25,11.99,104,77,1563,1026,969,944,746,693,943,854,1992,1517,1586,1416
51.22835,2.9518,1962,NA,"Belgium","OCCURRENCE",51.25,2.85000000000002,7.49,25,24,1595,1120,1002,998,778,748,975,917,2025,1593,1460,1337
51.22835,2.9518,1961,NA,"Belgium","OCCURRENCE",51.25,2.85000000000002,7.49,25,24,1595,1120,1002,998,778,748,975,917,2025,1593,1460,1337
54.48522,18.57111,NA,NA,"Poland","OCCURRENCE",54.45,18.65,6.44,1576,1096,0,0,813,675,831,662,673,561,665,661,3015,2421
36.9964,-6.4173,NA,NA,"Spain","OCCURRENCE",36.95,-6.54999999999998,12.88,2268,1775,3799,2735,3204,2752,2984,2503,3179,2668,4229,3313,810,616
